STT,Team,Median of Age,Median of MP,Median of Starts,Median of Goals,Median of Assists1,Median of Yellow Cards,Median of  Red Cards,Median of xG,Median of npxG,Median of xAG,Median of Goal Per90,Median of Assists Per90,Median of G+A Per90,Median of xG Per90,Median of xAG Per90,Median of xG+xAG Per90,Median of npxG Per90,Median of npxG+xAg Per90,Median of GA2,Median of soTA2,Median of SAVE2,Median of SAVE%2,Median of W2,Median of L2,Median of CS2,Median of CS12,Median of PKatt2,Median of PKA2,Median of PKsv2,Median of PKm2,Median of SAVE%21,Median of Gls3,Median of Sh3,Median of SoT3,Median of SoT%3,Median of Sh/903,Median of SoT/903,Median of G/Sh3,Median of G/SoT3,Median of Dist3,Median of FK3,Median of PK3,Median of PKat3,Median of Cmp4,Median of Att4,Median of Cmp%4,Median of TotDist4,Median of PrgDist4,Median of Cmp41,Median of Att41,Median of Cmp%1,Median of Cmp41.1,Median of Att41.1,Median of Cmp%41,Median of Cmp41.2,Median of Att41.2,Median of Cmp%41.1,Median of Ast4,Median of xAG4,Median of xA4,Median of A-xAG4,Median of KP4,Median of 1/34,Median of PPA4,Median of CrsPA4,Median of PrgP4,Median of Live5,Median of Dead5,Median of FK5,Median of TB5,Median of Sw5,Median of Crs5,Median of TI5,Median of CK5,Median of In5,Median of Out5,Median of Str5,Median of Cmp5,Median of Off5,Median of Blocks5,Median of SCA6,Median of SCA906,Median of PassLive6,Median of PassDead,Median of TO6,Median of Sh6,Median of Fld6,Median of Def6,Median of GCA6,Median of GCA906,Median of PassLive6.1,Median of PassDead6,Median of TO61,Median of Sh61,Median of Fld61,Median of Def61,Median of 7Tkl,Median of 7TklW,Median of Def 3rd7,Median of Mid 3rd7,Median of Att 3rd7,Median of Tkl71,Median of Att71,Median of Tkl%7,Median of Lost7,Median of Blocks7,Median of Sh7,Median of Pass7,Median of Int7,Median of Tkl + Int7,Median of Clr7,Median of Err7,Median of Touches,Median of Def Pen,Median of Def 3rd,Median of Mid 3rd,Median of Att 3rd,Median of Att Pen,Median of Live,Median of Att,Median of Succ,Median of Succ%,Median of Tkld,Median of Tkld%,Median of Carries,Median of TotDist,Median of ProDist,Median of ProgC8,Median of 1/38,Median of CPA8,Median of Mis8,Median of Dis8,Median of Rec8,Median of PrgR8,Median of Starts9,Median of Mn/Start9,Median of Compl9,Median of Subs9,Median of Mn/Sub,Median of unSub,Median of PPM,Median of onG,Median of onGA,Median of onxG,Median of onxGA,Median of Fls,Median of Fld,Median of Off,Median of Crs,Median of OG,Median of Recov,Median of Won,Median of Lost,Median of Won%,Mean of Age,Mean of MP,Mean of Starts,Mean of Goals,Mean of Assists1,Mean of Yellow Cards,Mean of  Red Cards,Mean of xG,Mean of npxG,Mean of xAG,Mean of Goal Per90,Mean of Assists Per90,Mean of G+A Per90,Mean of xG Per90,Mean of xAG Per90,Mean of xG+xAG Per90,Mean of npxG Per90,Mean of npxG+xAg Per90,Mean of GA2,Mean of soTA2,Mean of SAVE2,Mean of SAVE%2,Mean of W2,Mean of L2,Mean of CS2,Mean of CS12,Mean of PKatt2,Mean of PKA2,Mean of PKsv2,Mean of PKm2,Mean of SAVE%21,Mean of Gls3,Mean of Sh3,Mean of SoT3,Mean of SoT%3,Mean of Sh/903,Mean of SoT/903,Mean of G/Sh3,Mean of G/SoT3,Mean of Dist3,Mean of FK3,Mean of PK3,Mean of PKat3,Mean of Cmp4,Mean of Att4,Mean of Cmp%4,Mean of TotDist4,Mean of PrgDist4,Mean of Cmp41,Mean of Att41,Mean of Cmp%1,Mean of Cmp41.1,Mean of Att41.1,Mean of Cmp%41,Mean of Cmp41.2,Mean of Att41.2,Mean of Cmp%41.1,Mean of Ast4,Mean of xAG4,Mean of xA4,Mean of A-xAG4,Mean of KP4,Mean of 1/34,Mean of PPA4,Mean of CrsPA4,Mean of PrgP4,Mean of Live5,Mean of Dead5,Mean of FK5,Mean of TB5,Mean of Sw5,Mean of Crs5,Mean of TI5,Mean of CK5,Mean of In5,Mean of Out5,Mean of Str5,Mean of Cmp5,Mean of Off5,Mean of Blocks5,Mean of SCA6,Mean of SCA906,Mean of PassLive6,Mean of PassDead,Mean of TO6,Mean of Sh6,Mean of Fld6,Mean of Def6,Mean of GCA6,Mean of GCA906,Mean of PassLive6.1,Mean of PassDead6,Mean of TO61,Mean of Sh61,Mean of Fld61,Mean of Def61,Mean of 7Tkl,Mean of 7TklW,Mean of Def 3rd7,Mean of Mid 3rd7,Mean of Att 3rd7,Mean of Tkl71,Mean of Att71,Mean of Tkl%7,Mean of Lost7,Mean of Blocks7,Mean of Sh7,Mean of Pass7,Mean of Int7,Mean of Tkl + Int7,Mean of Clr7,Mean of Err7,Mean of Touches,Mean of Def Pen,Mean of Def 3rd,Mean of Mid 3rd,Mean of Att 3rd,Mean of Att Pen,Mean of Live,Mean of Att,Mean of Succ,Mean of Succ%,Mean of Tkld,Mean of Tkld%,Mean of Carries,Mean of TotDist,Mean of ProDist,Mean of ProgC8,Mean of 1/38,Mean of CPA8,Mean of Mis8,Mean of Dis8,Mean of Rec8,Mean of PrgR8,Mean of Starts9,Mean of Mn/Start9,Mean of Compl9,Mean of Subs9,Mean of Mn/Sub,Mean of unSub,Mean of PPM,Mean of onG,Mean of onGA,Mean of onxG,Mean of onxGA,Mean of Fls,Mean of Fld,Mean of Off,Mean of Crs,Mean of OG,Mean of Recov,Mean of Won,Mean of Lost,Mean of Won%,Std of Age,Std of MP,Std of Starts,Std of Goals,Std of Assists1,Std of Yellow Cards,Std of  Red Cards,Std of xG,Std of npxG,Std of xAG,Std of Goal Per90,Std of Assists Per90,Std of G+A Per90,Std of xG Per90,Std of xAG Per90,Std of xG+xAG Per90,Std of npxG Per90,Std of npxG+xAg Per90,Std of GA2,Std of soTA2,Std of SAVE2,Std of SAVE%2,Std of W2,Std of L2,Std of CS2,Std of CS12,Std of PKatt2,Std of PKA2,Std of PKsv2,Std of PKm2,Std of SAVE%21,Std of Gls3,Std of Sh3,Std of SoT3,Std of SoT%3,Std of Sh/903,Std of SoT/903,Std of G/Sh3,Std of G/SoT3,Std of Dist3,Std of FK3,Std of PK3,Std of PKat3,Std of Cmp4,Std of Att4,Std of Cmp%4,Std of TotDist4,Std of PrgDist4,Std of Cmp41,Std of Att41,Std of Cmp%1,Std of Cmp41.1,Std of Att41.1,Std of Cmp%41,Std of Cmp41.2,Std of Att41.2,Std of Cmp%41.1,Std of Ast4,Std of xAG4,Std of xA4,Std of A-xAG4,Std of KP4,Std of 1/34,Std of PPA4,Std of CrsPA4,Std of PrgP4,Std of Live5,Std of Dead5,Std of FK5,Std of TB5,Std of Sw5,Std of Crs5,Std of TI5,Std of CK5,Std of In5,Std of Out5,Std of Str5,Std of Cmp5,Std of Off5,Std of Blocks5,Std of SCA6,Std of SCA906,Std of PassLive6,Std of PassDead,Std of TO6,Std of Sh6,Std of Fld6,Std of Def6,Std of GCA6,Std of GCA906,Std of PassLive6.1,Std of PassDead6,Std of TO61,Std of Sh61,Std of Fld61,Std of Def61,Std of 7Tkl,Std of 7TklW,Std of Def 3rd7,Std of Mid 3rd7,Std of Att 3rd7,Std of Tkl71,Std of Att71,Std of Tkl%7,Std of Lost7,Std of Blocks7,Std of Sh7,Std of Pass7,Std of Int7,Std of Tkl + Int7,Std of Clr7,Std of Err7,Std of Touches,Std of Def Pen,Std of Def 3rd,Std of Mid 3rd,Std of Att 3rd,Std of Att Pen,Std of Live,Std of Att,Std of Succ,Std of Succ%,Std of Tkld,Std of Tkld%,Std of Carries,Std of TotDist,Std of ProDist,Std of ProgC8,Std of 1/38,Std of CPA8,Std of Mis8,Std of Dis8,Std of Rec8,Std of PrgR8,Std of Starts9,Std of Mn/Start9,Std of Compl9,Std of Subs9,Std of Mn/Sub,Std of unSub,Std of PPM,Std of onG,Std of onGA,Std of onxG,Std of onxGA,Std of Fls,Std of Fld,Std of Off,Std of Crs,Std of OG,Std of Recov,Std of Won,Std of Lost,Std of Won%
0,all,25.0,20.0,13.0,1.0,0.0,2.0,0.0,0.8,0.75,0.06,0.03,0.0,0.1,0.07,0.06,0.14500000000000002,0.07,0.14500000000000002,27.0,78.0,52.0,67.6,5.0,6.0,2.5,19.5,2.0,1.5,0.0,0.0,0.0,1.0,9.0,3.0,31.7,0.895,0.215,0.07,0.26,16.3,0.0,0.0,0.0,394.0,503.5,78.85,6018.0,1730.0,196.5,231.0,88.7,135.5,165.5,84.85,23.0,41.5,53.1,0.0,0.7,0.6,0.0,7.0,23.0,6.0,0.0,35.0,445.0,25.5,0.0,1.0,1.0,6.0,3.0,0.0,0.0,0.0,0.0,394.0,2.0,9.0,19.0,1.97,14.0,0.0,0.0,1.0,0.0,0.0,2.0,0.14,1.0,0.0,0.0,0.0,0.0,0.0,17.0,10.0,7.0,6.0,2.0,7.0,16.0,48.0,8.0,13.0,2.0,8.0,6.0,24.0,13.5,0.0,666.0,27.0,134.0,256.5,124.5,17.0,665.5,12.0,6.0,46.05,5.0,42.9,361.5,1882.5,907.5,13.0,11.0,2.0,11.0,6.0,420.0,21.0,7.0,82.0,2.0,2.0,19.0,3.0,1.3050000000000002,20.0,22.0,19.2,20.4,10.0,9.0,1.0,6.0,0.0,49.5,9.0,12.0,46.6,24.906896551724138,19.627586206896552,14.413793103448276,2.0637931034482757,1.4810344827586206,2.85,0.1,2.0760344827586206,1.9296551724137931,0.10070689655172414,0.12525862068965518,0.09162068965517242,0.2168103448275862,0.14498275862068966,0.10070689655172414,0.24584482758620685,0.13843103448275862,0.23946551724137932,31.15,91.3,61.175,65.44000000000001,7.45,7.45,3.925,19.61578947368421,2.675,2.4,0.2,0.075,9.720689655172412,2.0637931034482757,17.9,6.117241379310345,31.02451612903226,1.354551724137931,0.42579310344827587,0.09219354838709679,0.2941293532338308,16.532043010752687,0.4879310344827586,0.16551724137931034,0.18448275862068966,541.5086206896551,670.7896551724137,78.10578947368421,9199.26551724138,3251.863793103448,260.3965517241379,291.3724137931035,87.68645276292335,220.91551724137932,254.8448275862069,83.14856115107915,46.139655172413796,88.82241379310345,54.3527724665392,1.4810344827586206,1.4937931034482759,1.3217241379310345,-0.01275862068965517,13.587931034482759,40.360344827586204,11.686206896551724,2.4362068965517243,50.58448275862069,608.8534482758621,59.43793103448276,7.086206896551724,2.2913793103448277,3.463793103448276,22.686206896551724,23.23448275862069,7.086206896551724,3.462068965517241,2.070689655172414,0.1706896551724138,541.5086206896551,2.4982758620689656,12.579310344827586,31.81896551724138,2.3520517241379313,23.294827586206896,2.646551724137931,1.856896551724138,2.0689655172413794,1.3275862068965518,0.6241379310344828,3.5637931034482757,0.23093103448275862,2.5068965517241377,0.22413793103448276,0.25862068965517243,0.2810344827586207,0.22413793103448276,0.06896551724137931,23.137931034482758,13.575862068965517,11.21896551724138,8.648275862068965,3.2706896551724136,10.74655172413793,21.936206896551724,46.836166007905135,11.189655172413794,16.04310344827586,5.106896551724138,10.936206896551724,10.875862068965517,34.01379310344828,26.867241379310343,0.5672413793103448,818.9931034482759,91.19137931034483,268.66896551724136,350.03275862068966,207.90862068965518,34.34827586206897,818.8086206896552,24.548275862068966,11.189655172413794,46.43340163934426,10.74655172413793,42.50553278688525,468.73275862068965,2477.746551724138,1273.6155172413794,24.651724137931033,17.386206896551723,7.85,18.606896551724137,12.391379310344828,536.2344827586207,50.06206896551724,11.206434316353887,79.69574036511156,7.116621983914209,4.053619302949062,19.389898989898988,5.081769436997319,1.3616494845360825,23.52920962199313,23.457044673539517,22.307241379310344,22.231896551724137,14.493103448275862,13.98448275862069,2.4982758620689656,22.686206896551724,0.08448275862068966,63.26379310344828,17.5,17.5,47.195660377358486,4.464593468892228,11.832419285578206,11.926421637825795,3.6212383627828926,2.3607291470836,2.8551532055720634,0.3170459504788319,3.402253870270797,2.9779877324175055,0.21071311674629023,0.22316092076723404,0.16070266986939108,0.2970848553726081,0.2222249705277416,0.21071311674629023,0.34800364785395477,0.2139474869849693,0.3406311684750711,23.052392945480097,67.84794462431113,46.42495322616149,14.885525580068437,6.717562134110933,6.598173795520806,3.8920530473102395,14.739825190862458,2.6446608041922444,2.560048076471642,0.46409548089225716,0.2667467828369185,21.93689617500852,3.6212383627828926,22.523225395371508,8.75240185008864,19.943175768493763,1.994869578349846,0.6108262406981321,0.11907295087760603,0.2617462234119216,4.834282334307881,1.6834639822970674,0.779830308838436,0.85902738995741,553.5479393594368,646.1636760650174,10.964894524870772,9775.9664924764,4063.510306043578,265.5076110495175,287.10458445587346,9.798886328940489,251.71780420535103,274.3473902927077,11.468472164235278,61.798878313834095,127.45164485618442,17.621598526690725,2.3607291470836,2.115351265420984,1.826161009961633,1.0447546308580322,17.94573067885504,49.268705414433434,15.675403967996592,4.166367448013851,57.02756447020903,593.7691010189704,84.06573591101913,21.46450215121718,4.291163933507366,5.664518487749205,40.12146690346226,51.384327065293654,21.46450215121718,10.938528625580538,8.177447157310214,0.8598727906659726,553.5479393594368,3.0542018611082917,13.262550788199254,37.1143495421,4.274028378600814,26.663857294245204,7.135566503956111,3.2429337060900845,2.8507010255941547,2.1569498953225703,1.069325864634522,4.807277092976545,0.35487986544326255,3.425741328641918,0.7444232144554851,0.689430312934749,0.676768940742931,0.5948281256605865,0.27328166023532485,23.920888809699623,14.261659295227032,12.96622365031948,9.506133669010504,3.9405122546762583,11.997534512372045,22.833051811301285,21.785759185559694,12.12692930583256,15.561784066741334,7.620916179106623,10.912166179742773,12.53327605834524,35.02399596011447,35.079844224111405,1.0384470821020424,740.3097750212941,189.07920573015159,339.44882287759776,369.27351629976215,236.52143792715808,45.88906139344579,740.1816746564526,31.888613575674484,14.947411437743282,21.2561731849054,14.397619208260066,21.047218600182088,444.99647701461254,2334.145549634658,1272.2350854744445,31.423005342028482,19.724855647629315,15.103440114143527,20.733708147950995,15.648787627975464,517.3403621185322,68.75718540585258,12.105254786386404,9.660114234411703,9.754218078280648,4.9150986700934505,11.137687188133247,6.49894282206633,0.7348869929574058,21.145386554139158,19.38816405791758,19.128922191929224,18.14252344682627,13.86494021655426,15.561947098186295,4.403836895893622,40.12146690346226,0.30781514546593464,57.678739833368496,23.097936714858157,20.575275670374797,23.69078051312602
1,Arsenal,24.0,27.0,11.0,1.0,1.0,2.0,0.0,1.3,1.2,0.11,0.1,0.1,0.23,0.09,0.11,0.16,0.09,0.16,14.5,41.5,27.0,66.2,14.0,2.5,9.0,41.65,1.5,1.0,0.5,0.0,33.3,1.0,13.0,3.0,31.95,1.33,0.3,0.1,0.33,15.85,0.0,0.0,0.0,570.0,673.0,84.0,8941.0,2420.0,271.0,315.0,91.4,214.0,245.0,88.2,32.0,58.0,54.3,1.0,0.8,0.8,0.0,6.0,30.0,10.0,1.0,65.0,615.0,35.0,0.0,2.0,2.0,9.0,6.0,0.0,0.0,0.0,0.0,570.0,2.0,10.0,25.0,2.86,20.0,1.0,0.0,1.0,0.0,0.0,4.0,0.33,3.0,0.0,0.0,0.0,0.0,0.0,20.0,11.0,8.0,6.0,2.0,9.0,18.0,50.0,5.0,11.0,1.0,11.0,8.0,35.0,8.0,0.0,824.0,24.0,143.0,318.0,207.0,20.0,824.0,12.0,4.0,40.9,5.0,43.5,489.0,2227.0,1129.0,15.0,14.0,3.0,11.0,5.0,567.0,26.0,9.5,79.5,3.0,2.0,17.0,2.5,2.36,30.0,10.0,24.8,11.4,10.0,10.0,1.0,9.0,0.0,54.0,7.0,10.0,50.0,24.8,22.88,16.72,3.44,2.48,2.56,0.08,3.12,2.81,0.12,0.15,0.14,0.29,0.18,0.12,0.3,0.16,0.28,14.5,41.5,27.0,66.2,14.0,2.5,9.0,41.65,1.5,1.0,0.5,0.0,33.3,3.44,25.88,8.36,29.84,1.63,0.55,0.1,0.32,16.73,0.24,0.4,0.4,763.76,902.32,83.74,12381.32,4088.4,388.76,425.72,91.05,312.36,350.6,88.5,47.12,86.48,55.66,2.48,2.24,2.3,0.24,20.52,61.84,21.92,2.72,84.24,837.64,61.2,10.6,4.16,2.6,26.8,22.4,10.6,8.68,0.04,0.0,763.76,3.48,12.76,47.4,2.7,37.04,3.28,2.32,2.64,1.32,0.8,6.08,0.34,4.16,0.64,0.32,0.44,0.52,0.0,24.4,13.92,10.28,9.84,4.28,10.84,21.72,53.55,10.88,16.48,4.24,12.24,11.68,36.08,20.6,0.72,1059.72,78.96,268.56,456.28,342.4,59.2,1059.32,26.84,11.32,43.7,12.16,41.74,651.88,3246.84,1660.4,32.84,23.0,13.08,21.0,15.0,756.68,83.52,13.06,79.5,8.22,4.81,16.6,5.88,2.47,40.04,12.76,33.5,12.25,15.64,15.76,3.48,26.8,0.04,70.08,20.12,19.96,49.02,3.49,13.08,14.03,4.59,3.07,2.71,0.28,4.15,3.52,0.12,0.19,0.15,0.29,0.18,0.12,0.26,0.16,0.23,13.44,38.89,25.46,2.69,12.73,3.54,9.9,11.81,2.12,1.41,0.71,0.0,,4.59,29.52,9.94,11.07,1.59,0.7,0.09,0.24,4.86,0.88,1.26,1.26,743.87,839.46,6.57,12294.72,4619.63,359.97,388.52,5.3,346.05,373.3,7.16,49.97,100.91,12.69,3.07,2.97,3.12,1.18,27.92,69.66,29.31,3.79,93.13,792.33,65.58,25.92,7.81,3.79,43.15,47.56,25.92,21.61,0.2,0.0,743.87,3.98,13.54,58.18,1.88,45.29,6.56,3.73,3.23,1.95,1.35,6.93,0.35,5.2,1.11,0.63,0.71,0.96,0.0,23.1,13.39,10.15,10.52,4.93,10.52,20.98,24.91,12.09,15.49,8.14,11.45,12.15,34.22,27.94,1.21,943.21,162.45,359.26,483.6,368.31,75.95,942.89,35.65,14.62,20.99,16.91,20.2,585.82,3009.04,1573.34,41.49,24.09,21.85,21.43,18.1,687.2,124.42,14.2,9.78,11.72,5.61,5.58,7.51,0.27,31.89,10.51,26.71,9.78,14.07,16.91,5.04,43.15,0.2,62.86,26.98,24.23,24.2
2,Aston Villa,25.0,20.0,9.0,1.0,0.0,2.0,0.0,1.0,1.0,0.06,0.03,0.0,0.08,0.07,0.06,0.17,0.07,0.17,30.5,86.5,57.5,64.0,10.0,5.0,4.0,11.75,1.0,0.5,0.5,0.0,50.0,1.0,8.0,2.0,34.5,0.75,0.16,0.09,0.32,16.0,0.0,0.0,0.0,257.0,322.0,82.1,3751.0,932.0,143.0,173.0,89.45,97.0,115.0,88.9,12.0,19.0,57.6,0.0,0.4,0.4,0.0,4.0,17.0,4.0,0.0,28.0,310.0,21.0,0.0,0.0,1.0,2.0,1.0,0.0,0.0,0.0,0.0,257.0,1.0,7.0,15.0,1.85,11.0,0.0,0.0,0.0,0.0,0.0,1.0,0.1,1.0,0.0,0.0,0.0,0.0,0.0,12.0,5.0,4.0,2.0,1.0,4.0,11.0,46.7,6.0,11.0,1.0,7.0,3.0,16.0,9.0,0.0,433.0,12.0,69.0,171.0,80.0,22.0,433.0,8.0,4.0,44.8,3.0,41.0,271.0,1854.0,915.0,19.0,11.0,1.0,9.0,6.0,314.0,10.0,3.0,82.5,0.0,1.0,18.0,2.0,1.77,22.0,13.0,18.5,14.7,11.0,9.0,0.0,2.0,0.0,37.0,5.0,9.0,48.35,25.26,18.35,13.48,2.32,1.77,3.03,0.06,2.1,2.0,0.08,0.15,0.09,0.24,0.14,0.08,0.22,0.14,0.21,30.5,86.5,57.5,64.0,10.0,5.0,4.0,11.75,1.0,0.5,0.5,0.0,50.0,2.32,16.48,5.87,30.6,1.42,0.44,0.12,0.34,16.28,0.48,0.13,0.13,520.42,624.61,82.13,9068.65,3073.97,229.35,254.13,88.92,238.1,266.87,88.37,42.9,76.39,57.05,1.77,1.59,1.37,0.18,12.84,37.42,11.71,2.16,46.81,564.48,58.61,7.45,2.58,3.06,21.0,19.77,7.45,4.81,0.48,0.06,520.42,1.52,11.06,29.42,1.9,21.61,2.48,1.52,2.35,1.0,0.45,4.16,0.23,2.97,0.26,0.26,0.32,0.26,0.1,17.65,10.03,8.68,6.77,2.19,8.39,17.74,42.65,9.35,12.55,3.65,8.9,7.61,25.26,19.26,0.42,743.81,90.55,263.55,310.84,176.1,32.58,743.68,24.42,11.13,46.57,10.16,41.54,466.13,2535.45,1329.65,25.0,15.81,7.0,15.39,13.42,510.42,46.39,10.72,77.79,6.92,3.87,18.26,4.77,1.58,26.97,21.58,22.46,21.25,13.29,15.26,1.52,21.0,0.13,52.23,10.77,11.71,51.31,4.18,13.83,13.3,4.1,3.22,3.23,0.25,3.45,3.35,0.09,0.24,0.15,0.31,0.16,0.09,0.21,0.16,0.21,24.75,74.25,53.03,3.11,12.73,2.83,5.66,16.62,0.0,0.71,0.71,0.0,70.71,4.1,23.35,9.64,14.21,2.06,0.71,0.12,0.26,4.02,1.46,0.72,0.72,575.87,666.75,8.48,10516.95,4063.42,242.89,262.94,7.54,293.48,316.86,8.52,57.54,106.16,18.39,3.22,2.51,1.97,1.3,17.7,47.48,15.99,4.26,55.4,597.77,81.91,20.17,4.7,5.42,37.09,48.35,20.17,12.87,1.59,0.36,575.87,2.14,12.54,36.55,1.85,25.84,6.99,2.53,3.95,1.39,0.62,6.04,0.27,4.21,0.77,0.58,1.3,0.51,0.3,20.08,11.94,9.97,9.54,2.7,10.11,20.49,21.91,11.21,12.41,5.72,8.83,8.98,28.72,25.33,0.96,752.32,210.98,368.6,362.94,211.38,48.5,752.04,30.34,14.75,19.27,13.05,20.0,479.0,2573.69,1451.2,28.9,17.26,12.09,18.95,16.95,522.57,69.22,13.04,13.25,10.25,5.35,12.02,6.95,0.76,26.28,19.47,21.91,19.22,13.96,18.51,3.56,37.09,0.43,54.15,12.79,15.68,27.58
3,Bournemouth,24.0,21.5,11.5,0.0,1.0,2.0,0.0,0.55,0.55,0.07,0.0,0.06,0.09,0.06,0.07,0.15,0.06,0.15,7.0,18.0,13.0,69.7,2.0,2.0,2.0,21.9,1.0,1.0,0.0,0.0,8.35,0.0,7.0,2.0,30.5,0.96,0.2,0.04,0.22,17.6,0.0,0.0,0.0,328.5,447.5,73.4,5379.5,1590.0,146.0,181.5,85.0,112.5,145.0,81.0,25.0,52.0,46.4,1.0,0.9,0.7,0.0,7.5,22.5,11.0,1.5,36.5,414.0,19.0,0.0,1.0,1.0,11.5,3.5,0.0,0.0,0.0,0.0,328.5,1.0,10.5,25.0,2.22,20.0,0.5,1.0,1.0,1.0,0.0,3.0,0.18,2.0,0.0,0.0,0.0,0.0,0.0,23.0,11.5,6.0,8.0,2.0,9.0,20.5,46.0,9.0,13.5,2.0,8.5,6.5,30.0,15.0,0.0,653.0,35.5,125.5,225.5,106.0,11.0,653.0,13.0,5.5,42.3,7.0,43.65,347.0,2132.0,1071.5,18.5,11.0,1.5,14.5,6.5,366.0,20.5,4.0,83.0,1.0,3.0,21.0,4.0,1.23,15.0,23.5,15.75,18.75,13.5,10.0,0.5,11.5,0.0,55.0,12.5,19.0,42.1,24.63,19.6,13.93,1.73,1.3,2.63,0.1,1.91,1.83,0.1,0.12,0.09,0.22,0.19,0.1,0.29,0.19,0.29,22.33,64.67,42.33,61.3,4.33,5.33,3.0,23.97,2.33,2.0,0.33,0.0,8.35,1.73,17.97,5.83,30.85,1.69,0.57,0.06,0.24,17.65,0.6,0.07,0.1,396.63,530.67,70.96,7365.93,2774.5,165.87,195.6,82.7,175.67,207.13,81.41,46.43,98.8,48.18,1.3,1.36,1.11,-0.06,13.8,35.8,11.73,2.93,43.8,468.83,59.97,7.83,1.6,3.03,23.63,25.8,7.83,6.4,0.3,0.13,396.63,1.87,12.03,31.73,2.56,23.33,2.33,2.13,1.9,1.13,0.9,2.77,0.2,2.07,0.1,0.17,0.2,0.1,0.13,23.1,13.67,10.03,9.37,3.7,10.83,22.93,46.04,12.1,16.8,5.1,11.7,11.9,35.0,27.23,0.53,690.0,82.87,227.33,282.3,189.53,34.43,689.9,29.07,12.73,44.36,13.8,42.84,367.17,2212.3,1154.5,23.63,17.1,8.0,21.23,12.87,392.37,43.2,11.3,78.04,6.68,4.59,20.88,4.62,1.26,19.8,24.5,20.48,21.24,16.9,12.53,1.87,23.63,0.03,67.1,19.4,22.37,43.94,3.55,12.76,13.02,3.83,1.49,2.89,0.31,3.7,3.31,0.1,0.21,0.12,0.28,0.29,0.1,0.36,0.29,0.35,28.31,86.96,58.77,21.94,4.93,6.66,3.61,25.06,3.21,2.65,0.58,0.0,11.81,3.83,25.2,8.86,21.63,1.9,0.85,0.08,0.25,5.71,1.57,0.37,0.55,387.24,502.24,14.76,7976.14,3568.75,145.41,170.13,17.04,204.86,228.41,11.29,63.0,136.96,13.52,1.49,1.58,1.34,0.85,15.63,43.62,12.06,4.08,45.58,455.01,78.32,20.36,3.2,4.07,33.27,53.75,20.36,17.37,0.99,0.35,387.24,2.32,10.62,32.02,1.8,23.61,4.77,3.17,2.38,1.57,1.16,2.67,0.23,2.18,0.4,0.46,0.66,0.31,0.35,23.35,13.49,11.17,10.18,4.31,11.46,23.07,19.96,12.46,16.86,7.64,11.84,16.0,38.06,34.3,1.01,619.52,176.55,299.74,299.36,201.81,49.49,619.46,35.38,15.5,18.68,18.11,22.07,336.0,2019.98,1118.22,25.87,19.84,12.38,28.11,19.21,356.1,57.25,12.93,10.92,10.06,5.04,9.55,4.93,0.53,17.54,20.31,18.21,18.4,16.32,12.51,3.23,33.27,0.18,66.54,23.35,28.59,24.32
4,Brentford,25.0,24.0,13.5,1.0,1.0,2.5,0.0,0.95,0.95,0.11,0.07,0.06,0.14,0.06,0.11,0.19,0.06,0.19,32.5,92.0,59.5,70.15,5.0,9.5,3.5,9.45,1.0,1.0,0.0,0.0,0.0,1.0,10.0,3.0,32.65,0.84,0.2,0.11,0.43,16.45,0.0,0.0,0.0,312.5,440.0,72.65,4801.0,1468.0,162.5,200.0,85.6,115.0,151.5,77.5,24.5,55.5,49.2,1.0,1.25,0.95,-0.05,9.5,24.5,10.0,2.0,37.5,406.5,27.0,0.0,1.0,3.0,12.5,12.5,0.0,0.0,0.0,0.0,312.5,2.0,12.0,24.0,2.34,17.0,0.0,1.0,1.5,0.5,0.0,2.5,0.12,1.5,0.0,0.0,0.0,0.0,0.0,17.0,11.5,9.0,7.5,2.0,7.0,19.0,46.7,10.0,13.0,3.0,8.0,8.0,27.0,16.0,0.0,612.0,29.0,123.5,256.5,160.0,22.5,612.0,14.0,7.5,44.7,7.0,44.85,321.5,1628.5,827.5,14.0,11.0,3.0,16.5,7.0,375.5,31.0,7.0,82.0,2.0,1.0,15.0,2.0,1.04,18.5,26.5,19.25,21.3,10.5,10.5,2.0,12.5,0.0,60.0,14.0,21.0,44.55,25.29,21.0,14.93,1.93,1.36,3.18,0.07,2.15,2.06,0.12,0.13,0.1,0.23,0.14,0.12,0.27,0.14,0.26,32.5,92.0,59.5,70.15,5.0,9.5,3.5,9.45,1.0,1.0,0.0,0.0,0.0,1.93,16.79,5.68,31.47,1.21,0.38,0.11,0.37,16.16,0.61,0.11,0.11,448.25,600.64,71.7,8070.39,3160.43,200.57,236.71,84.84,187.0,229.71,76.51,49.36,99.14,45.78,1.36,1.54,1.42,-0.18,11.86,34.46,11.89,3.79,45.82,535.57,62.57,6.57,2.5,4.04,25.21,24.39,6.57,2.82,1.82,0.36,448.25,2.5,12.75,28.71,2.33,19.89,3.64,1.21,1.96,1.5,0.5,2.89,0.21,2.04,0.25,0.11,0.29,0.21,0.0,24.18,14.25,12.46,8.93,2.79,11.32,24.89,46.39,13.57,16.93,5.07,11.86,13.5,37.68,32.25,0.64,758.11,102.79,283.71,294.75,186.07,35.07,758.0,20.61,8.68,47.57,9.61,41.65,391.79,2022.18,1050.39,18.04,12.96,5.57,19.86,9.68,443.43,45.57,10.72,81.4,6.33,4.36,15.32,4.41,1.06,21.96,25.39,22.82,21.86,13.75,14.96,2.5,25.21,0.0,67.57,22.57,21.68,43.79,3.78,11.36,11.53,2.84,1.5,2.82,0.26,2.89,2.68,0.14,0.16,0.11,0.25,0.15,0.14,0.2,0.14,0.19,43.13,118.79,75.66,6.86,7.07,12.02,4.95,13.36,1.41,1.41,0.0,0.0,,2.84,17.91,6.96,20.84,1.11,0.41,0.11,0.28,4.85,1.73,0.57,0.57,397.28,503.89,8.11,8314.76,4460.87,164.78,189.11,8.24,196.71,219.92,11.47,77.25,158.72,16.36,1.5,1.42,1.42,0.8,11.46,32.26,11.18,5.15,40.73,445.56,94.99,15.67,3.71,5.5,29.74,29.32,15.67,7.28,4.28,1.13,397.28,2.46,9.29,25.32,1.43,17.35,7.89,1.55,2.15,2.05,0.69,2.95,0.23,2.22,0.65,0.31,0.53,0.5,0.0,20.85,12.67,11.81,8.31,2.75,10.27,24.7,22.48,16.07,14.49,7.14,10.67,14.93,34.51,42.03,1.06,590.79,241.43,370.93,253.41,158.92,33.48,590.74,18.47,6.71,17.21,10.36,18.03,304.56,1503.57,852.96,16.88,12.67,8.69,17.66,8.84,341.59,50.36,11.87,7.55,9.23,5.83,9.64,6.69,0.28,16.09,18.64,16.65,16.14,11.1,13.4,3.81,29.74,0.0,53.32,26.49,17.3,19.33
5,Brighton,22.5,19.0,15.0,0.0,1.0,2.5,0.0,0.9,0.9,0.1,0.0,0.04,0.16,0.08,0.1,0.21,0.08,0.21,31.0,82.5,52.5,65.3,6.0,7.0,3.0,15.4,3.0,3.0,0.0,0.0,0.0,0.0,12.5,5.0,33.3,1.29,0.36,0.0,0.19,16.8,0.0,0.0,0.0,471.5,550.0,84.0,6104.5,1329.0,287.0,306.5,91.25,145.5,169.0,86.25,16.5,26.0,58.9,1.0,0.9,0.8,-0.15,8.5,22.0,7.0,0.5,40.5,503.5,31.5,0.0,1.0,1.0,6.5,6.0,0.0,0.0,0.0,0.0,471.5,2.0,9.0,22.5,2.55,15.5,0.0,0.0,1.0,0.0,0.0,2.0,0.14,1.5,0.0,0.0,0.0,0.0,0.0,19.0,12.5,8.5,7.0,2.5,8.5,17.5,45.95,9.0,10.5,1.5,8.5,8.0,28.0,12.0,0.0,693.0,24.0,118.0,269.0,145.0,19.0,693.0,14.5,5.5,41.1,5.5,42.7,432.0,2051.5,937.5,17.5,16.0,2.0,14.5,6.0,485.5,35.5,10.0,79.0,1.0,3.0,22.0,2.0,1.27,17.0,24.0,21.55,21.1,11.5,11.5,1.0,6.5,0.0,41.0,6.5,10.5,45.2,24.37,19.8,13.93,1.67,1.2,3.0,0.1,1.93,1.77,0.11,0.11,0.08,0.19,0.14,0.11,0.24,0.13,0.23,31.0,82.5,52.5,65.3,6.0,7.0,3.0,15.4,3.0,3.0,0.0,0.0,0.0,1.67,18.5,6.6,30.51,1.47,0.48,0.06,0.18,17.56,0.37,0.17,0.2,727.0,834.3,83.48,11368.67,3789.53,385.8,415.77,90.81,275.37,304.17,85.39,43.2,72.13,59.22,1.2,1.4,1.46,-0.2,14.3,49.47,12.8,2.7,59.33,777.8,53.7,6.87,2.07,2.53,22.37,18.03,6.87,2.87,2.43,0.17,727.0,2.8,10.9,33.67,2.42,24.97,2.9,1.8,2.37,1.27,0.37,2.97,0.19,1.97,0.17,0.3,0.3,0.2,0.03,21.47,12.2,9.73,8.4,3.33,10.23,21.93,43.25,11.7,14.57,4.67,9.9,9.6,31.07,20.1,0.7,970.4,106.57,314.97,436.33,225.53,36.03,970.2,23.83,9.9,44.02,10.73,42.42,634.0,3098.67,1629.47,28.8,19.47,8.97,19.3,11.4,719.23,58.9,10.72,75.76,6.13,4.51,23.35,4.26,1.22,20.13,22.67,20.83,20.26,13.8,15.13,2.8,22.37,0.07,58.37,13.53,11.5,47.14,5.73,9.48,9.07,2.38,2.01,2.2,0.31,2.59,2.06,0.09,0.15,0.11,0.19,0.15,0.09,0.2,0.14,0.18,4.24,12.02,14.85,10.18,1.41,1.41,1.41,5.09,0.0,0.0,0.0,0.0,0.0,2.38,18.05,7.01,19.21,1.22,0.5,0.08,0.16,4.73,1.03,0.75,0.92,775.14,852.15,6.29,12953.77,4970.63,381.71,397.61,5.46,338.58,359.84,8.57,58.47,97.88,15.71,2.01,1.67,1.88,0.87,19.41,65.65,16.39,5.52,67.11,794.63,67.65,24.29,2.27,4.17,45.19,25.94,24.29,10.34,10.45,0.65,775.14,2.66,9.42,37.46,1.39,24.75,9.84,3.2,3.18,2.13,0.56,3.82,0.18,2.28,0.53,0.95,0.6,0.55,0.18,17.74,11.32,9.04,6.85,3.67,9.8,18.27,22.55,9.78,14.03,8.25,8.98,9.01,25.2,22.69,1.12,915.06,198.45,415.79,472.35,228.3,46.16,914.92,30.9,12.75,23.49,15.1,21.61,619.57,2956.17,1668.66,31.4,18.36,17.05,18.65,13.82,717.38,73.33,9.91,12.42,8.73,4.6,10.56,4.84,0.35,13.91,13.68,13.71,13.08,10.13,14.53,3.97,45.19,0.25,46.82,16.83,8.93,23.47
6,Burnley,24.0,15.0,12.0,0.0,1.0,1.0,0.0,0.5,0.5,0.05,0.0,0.04,0.08,0.06,0.05,0.12,0.06,0.12,39.0,122.0,84.0,73.25,2.5,12.0,1.0,3.55,3.5,3.0,0.5,0.0,25.0,0.0,8.0,2.0,33.3,0.75,0.22,0.05,0.21,18.0,0.0,0.0,0.0,378.0,495.0,75.8,6208.0,1559.0,164.0,184.0,84.9,135.0,162.0,79.1,16.0,31.0,51.6,1.0,0.4,0.5,-0.1,7.0,16.0,4.0,1.0,25.0,430.0,29.0,0.0,1.0,2.0,8.0,2.0,0.0,0.0,0.0,0.0,378.0,2.0,9.0,13.0,1.84,8.0,0.0,0.0,0.0,1.0,0.0,1.0,0.11,1.0,0.0,0.0,0.0,0.0,0.0,12.0,6.0,6.0,5.0,2.0,7.0,16.0,49.3,9.0,13.0,3.0,9.0,6.0,18.0,18.0,0.0,656.0,28.0,131.0,229.0,120.0,10.0,656.0,10.0,4.0,48.45,5.0,44.15,371.0,2278.0,1063.0,13.0,10.0,2.0,11.0,6.0,392.0,22.0,12.0,82.0,4.0,3.0,20.0,4.0,0.63,14.0,23.0,13.7,20.5,9.0,7.0,1.0,8.0,0.0,46.0,13.0,21.0,40.0,24.29,18.71,13.48,1.29,0.97,2.48,0.23,1.33,1.25,0.06,0.08,0.05,0.13,0.11,0.06,0.17,0.1,0.17,39.0,122.0,84.0,73.25,2.5,12.0,1.0,3.55,3.5,3.0,0.5,0.0,25.0,1.29,13.87,4.42,29.32,1.3,0.35,0.06,0.25,17.7,0.42,0.1,0.1,449.58,579.32,75.03,7937.0,2695.35,203.58,234.42,86.11,194.1,227.16,79.68,42.71,88.87,53.39,0.97,0.96,0.87,0.01,10.52,31.48,6.97,1.74,38.1,522.23,54.65,5.81,1.58,2.48,17.74,21.61,5.81,2.16,1.87,0.29,449.58,2.45,11.1,24.42,1.99,17.71,2.39,1.58,1.45,1.0,0.29,2.39,0.29,1.77,0.19,0.26,0.06,0.1,0.0,19.58,11.03,9.1,7.97,2.52,9.16,18.84,47.21,9.68,15.39,5.45,9.94,9.03,28.61,27.0,0.71,715.52,93.77,258.74,296.65,166.29,26.42,715.42,22.55,9.68,47.71,10.61,41.61,394.97,2158.52,1142.61,23.45,14.84,7.74,16.68,9.55,444.48,37.48,12.67,78.63,7.73,4.91,21.41,5.45,0.62,14.45,27.45,14.38,24.72,13.84,11.39,2.45,17.74,0.1,55.71,18.1,22.45,36.86,4.08,10.3,10.51,1.81,1.17,2.9,0.43,1.69,1.54,0.06,0.12,0.06,0.15,0.13,0.06,0.16,0.12,0.15,32.53,62.23,31.11,10.68,0.71,11.31,1.41,5.02,2.12,2.83,0.71,0.0,35.36,1.81,14.58,5.57,17.41,1.69,0.4,0.07,0.24,4.25,1.98,0.3,0.3,406.84,507.72,8.95,7707.78,3541.44,175.25,197.61,8.11,196.99,218.83,15.2,55.7,143.57,17.58,1.17,1.01,0.92,0.7,11.13,37.45,6.87,2.86,41.16,464.05,72.29,13.77,2.09,2.83,22.68,49.02,13.77,5.65,4.29,1.01,406.84,2.54,9.01,23.58,1.34,18.25,4.87,2.75,2.11,1.26,0.64,2.56,0.76,2.11,0.54,0.73,0.25,0.3,0.0,20.16,11.88,10.04,9.0,3.03,10.69,19.08,22.54,9.1,13.7,7.24,9.19,10.29,28.81,32.75,1.13,585.31,194.83,333.53,287.09,153.83,29.25,585.33,28.5,12.16,20.66,14.09,19.71,315.94,1701.86,951.65,26.13,15.39,12.67,18.44,10.2,356.66,42.09,10.68,11.03,9.2,4.69,10.81,5.75,0.25,11.17,20.32,10.67,18.6,12.29,11.65,3.66,22.68,0.3,48.8,25.52,23.22,24.29
7,Chelsea,21.0,14.5,11.5,0.5,0.5,2.0,0.0,0.65,0.65,0.05,0.02,0.02,0.11,0.06,0.05,0.13,0.06,0.13,31.5,93.0,62.5,68.1,9.0,5.5,4.0,20.75,2.5,1.5,0.5,0.5,16.65,0.5,7.5,2.0,33.3,0.66,0.17,0.1,0.35,14.5,0.0,0.0,0.0,398.5,530.5,84.6,5564.5,1544.5,209.0,223.5,91.5,113.5,145.5,89.1,18.5,33.5,53.7,0.5,0.3,0.5,0.0,3.5,22.0,5.5,0.0,23.0,479.5,36.0,0.0,1.0,0.0,4.0,4.0,0.0,0.0,0.0,0.0,398.5,1.0,5.0,13.0,1.92,10.5,0.5,0.0,1.0,0.0,0.0,1.5,0.15,1.0,0.0,0.0,0.0,0.0,0.0,14.5,10.0,5.0,4.0,1.5,5.0,10.0,46.2,4.5,7.0,2.0,4.0,3.5,18.0,11.0,0.0,657.5,19.5,105.0,188.5,92.5,16.0,657.0,10.0,2.5,48.1,4.0,42.1,410.0,1801.5,973.5,9.5,5.5,2.0,9.0,4.5,434.5,20.0,1.5,84.0,0.0,1.5,15.0,2.0,1.67,26.0,14.0,21.9,16.85,6.5,6.5,1.0,4.0,0.0,30.5,7.5,8.0,47.2,22.03,17.69,13.06,2.38,1.59,3.38,0.12,2.38,2.08,0.1,0.14,0.09,0.23,0.24,0.1,0.33,0.23,0.32,31.5,93.0,62.5,68.1,9.0,5.5,4.0,20.75,2.5,1.5,0.5,0.5,16.65,2.38,16.78,6.06,33.4,1.29,0.35,0.12,0.34,15.8,0.69,0.34,0.38,626.22,730.12,82.48,10264.0,3432.91,312.69,339.91,91.05,255.5,283.12,86.71,42.66,72.75,55.73,1.59,1.62,1.35,-0.03,13.09,42.22,11.0,1.59,50.47,674.59,52.88,6.31,3.62,3.16,17.44,19.09,6.31,2.44,1.72,0.12,626.22,2.66,10.88,30.62,2.39,22.5,1.94,2.38,1.44,1.56,0.81,4.16,0.25,2.78,0.22,0.34,0.31,0.38,0.12,20.72,11.75,10.16,7.34,3.22,10.09,19.69,47.06,9.59,14.0,5.19,8.81,9.31,30.03,24.53,0.75,866.41,94.84,292.72,377.12,204.94,32.47,866.03,27.16,12.44,44.37,11.41,40.39,519.5,2644.22,1377.56,27.28,16.97,9.09,18.88,11.56,621.84,50.0,8.71,79.24,5.56,3.08,16.73,4.02,1.76,25.67,20.94,25.56,19.87,13.94,14.09,2.66,17.44,0.09,57.69,13.75,12.56,49.05,3.93,11.66,12.01,4.67,2.54,3.48,0.42,4.56,3.84,0.11,0.21,0.13,0.28,0.58,0.11,0.58,0.57,0.58,9.19,21.21,14.85,3.39,5.66,2.12,1.41,2.76,0.71,0.71,0.71,0.71,23.55,4.67,24.27,9.84,21.07,1.5,0.43,0.12,0.26,5.06,2.16,1.6,1.62,668.68,743.56,9.29,11245.3,4005.68,328.51,349.55,5.23,304.89,323.77,10.33,52.41,85.75,22.01,2.54,2.39,1.88,0.76,17.65,54.24,15.81,2.82,62.08,705.15,56.51,15.47,6.35,6.11,25.69,35.38,15.47,6.44,3.96,0.49,668.68,3.89,12.52,39.7,2.78,28.51,3.82,4.81,2.35,2.31,1.65,5.95,0.35,4.26,0.91,0.87,0.59,0.83,0.42,24.7,13.79,12.34,9.69,4.06,12.17,22.67,20.93,11.83,15.76,7.19,10.58,11.78,35.85,33.92,1.24,851.39,174.17,358.33,440.35,244.05,44.67,851.0,37.39,17.12,25.02,16.69,27.36,521.49,2546.9,1333.46,36.11,20.66,16.18,22.8,16.13,633.0,68.56,11.57,10.38,8.74,3.79,11.35,4.64,0.59,23.89,18.66,22.6,16.9,17.87,17.19,5.26,25.69,0.3,62.3,17.2,13.77,24.49
8,Crystal Palace,26.0,20.0,17.0,0.0,1.0,2.0,0.0,0.55,0.55,0.07,0.0,0.04,0.06,0.04,0.07,0.12,0.04,0.12,27.0,67.0,41.0,62.7,5.0,6.0,4.0,26.1,1.0,1.0,0.0,0.0,0.0,0.0,8.5,2.0,27.3,0.52,0.14,0.0,0.2,18.2,0.0,0.0,0.0,415.5,597.5,77.0,7576.0,2560.0,204.5,244.5,87.7,150.0,180.0,84.1,25.5,58.0,47.4,1.0,0.8,0.9,0.0,8.5,29.0,5.0,0.5,37.0,480.0,36.5,0.0,1.0,1.0,10.0,0.0,0.0,0.0,0.0,0.0,415.5,2.0,12.0,22.5,1.96,18.0,0.0,0.0,1.0,0.0,1.0,3.0,0.14,3.0,0.0,0.0,0.0,0.0,0.0,26.0,16.0,9.5,11.0,2.5,11.5,22.5,50.0,10.0,17.0,2.0,11.0,10.5,40.0,14.5,0.0,723.5,24.5,144.0,317.5,135.5,12.5,722.5,13.5,8.0,48.4,5.0,41.35,348.0,1801.5,806.5,14.0,10.5,1.5,12.0,7.0,432.0,15.5,11.0,85.0,2.0,1.0,17.0,3.0,1.29,28.0,24.5,22.75,21.35,13.5,7.5,0.5,10.0,0.0,71.0,12.0,16.0,49.45,25.65,20.92,16.08,2.15,1.65,2.81,0.08,1.89,1.77,0.09,0.1,0.09,0.2,0.11,0.09,0.2,0.1,0.19,19.33,51.33,32.67,43.0,4.33,5.0,3.33,26.1,1.0,1.0,0.0,0.0,0.0,2.15,17.38,6.23,25.75,1.16,0.37,0.06,0.2,16.81,0.77,0.15,0.15,496.73,644.38,73.8,8674.69,3266.23,232.31,266.15,87.27,205.31,241.81,83.56,46.31,100.31,50.64,1.65,1.49,1.22,0.17,13.58,38.27,10.5,2.31,45.23,574.92,66.69,6.85,2.0,3.73,22.42,27.73,6.85,3.12,2.19,0.23,496.73,2.77,14.08,30.54,1.83,21.31,2.85,1.85,1.92,1.73,0.88,3.96,0.25,3.27,0.15,0.23,0.08,0.23,0.0,30.31,17.85,14.35,11.58,4.38,12.96,23.42,55.55,10.46,17.54,4.69,12.85,12.42,42.73,35.65,0.23,821.81,90.35,278.35,356.88,195.27,30.65,821.65,28.35,13.12,50.26,12.31,40.27,420.88,2136.38,1032.23,19.46,14.73,6.54,23.31,16.38,492.73,44.65,11.3,84.33,7.89,3.41,17.25,5.78,1.27,24.12,24.46,20.54,21.98,17.58,16.42,2.77,22.42,0.08,73.42,21.27,21.35,54.09,4.51,10.59,11.56,4.17,2.08,2.62,0.27,2.92,2.62,0.11,0.21,0.12,0.29,0.14,0.11,0.22,0.13,0.21,15.95,44.61,29.4,37.28,4.04,4.58,3.06,5.52,1.0,1.0,0.0,0.0,0.0,4.17,21.58,9.25,18.23,1.26,0.46,0.09,0.2,4.59,2.49,0.46,0.46,426.85,537.98,17.2,8414.61,3514.61,182.09,208.41,5.94,217.85,245.32,8.83,62.03,131.84,21.14,2.08,1.7,1.47,0.89,13.96,40.4,12.13,3.37,39.32,489.04,83.54,16.23,2.7,7.02,32.36,74.24,16.23,7.57,5.25,0.71,426.85,3.4,15.21,29.53,1.53,18.45,6.07,3.26,2.45,3.17,0.99,4.06,0.27,3.18,0.37,0.51,0.27,0.59,0.0,25.64,15.12,16.25,8.7,4.45,11.19,17.73,18.22,7.84,16.02,5.84,13.03,11.73,35.53,49.26,0.51,648.9,145.42,318.56,307.81,196.97,35.74,648.88,37.67,16.89,16.05,17.32,16.08,333.03,1795.88,938.67,21.09,16.53,10.78,26.93,22.21,393.79,57.46,12.18,5.09,9.96,4.73,12.23,7.19,0.48,16.87,16.41,13.38,14.65,15.18,20.81,5.37,32.36,0.27,61.78,23.94,20.87,21.82
9,Everton,25.5,22.5,11.0,1.0,0.0,2.0,0.0,1.35,1.35,0.08,0.05,0.0,0.09,0.08,0.08,0.17,0.08,0.17,51.0,165.0,117.0,73.9,13.0,16.0,13.0,34.2,8.0,8.0,0.0,0.0,0.0,1.0,13.5,4.0,28.6,1.23,0.32,0.07,0.25,16.0,0.0,0.0,0.0,292.0,462.0,70.45,4817.0,1905.0,145.5,162.5,86.6,111.0,147.5,76.25,23.0,55.0,48.25,0.0,0.95,0.6,-0.85,5.0,27.0,6.0,1.0,33.5,400.0,13.0,0.0,1.0,1.0,8.5,2.0,0.0,0.0,0.0,0.0,292.0,2.0,10.0,22.0,2.29,14.0,0.0,1.0,3.0,0.5,1.0,1.0,0.1,0.5,0.0,0.0,0.0,0.0,0.0,15.5,10.5,6.5,6.0,2.0,8.0,15.5,43.6,11.5,13.0,3.5,9.5,6.0,20.5,19.0,0.0,666.0,39.0,151.5,221.0,149.5,19.5,666.0,19.0,6.5,44.4,8.5,45.7,262.0,1222.5,620.5,12.5,11.5,2.5,15.0,6.0,310.5,27.5,6.0,83.0,2.5,1.0,21.0,2.5,1.21,14.0,20.5,17.45,19.1,17.5,6.0,1.0,8.5,0.0,42.0,14.0,14.5,47.2,25.62,20.73,16.08,1.54,0.65,3.15,0.04,2.16,2.07,0.1,0.09,0.03,0.12,0.18,0.1,0.28,0.18,0.27,51.0,165.0,117.0,73.9,13.0,16.0,13.0,34.2,8.0,8.0,0.0,0.0,0.0,1.54,19.38,5.85,32.68,1.44,0.56,0.07,0.24,16.5,0.54,0.08,0.12,436.5,596.69,72.56,8020.65,3399.0,199.92,234.27,83.92,168.69,207.88,76.95,56.5,117.58,54.45,0.65,1.52,1.22,-0.87,13.04,36.85,10.92,2.96,43.42,527.08,66.19,6.96,1.73,3.0,28.92,29.54,6.96,5.38,1.0,0.12,436.5,3.42,13.35,32.85,2.1,22.77,3.15,1.19,2.92,1.58,1.23,2.31,0.11,1.27,0.19,0.0,0.5,0.19,0.15,28.58,17.0,14.27,10.04,4.27,13.35,26.96,44.83,13.62,18.42,6.81,11.62,13.77,42.35,33.92,0.46,771.27,98.77,261.23,314.62,203.19,31.12,771.15,21.69,9.62,48.77,10.27,44.34,375.77,2006.15,996.31,19.04,14.96,4.88,21.54,12.31,432.85,43.04,13.06,81.48,9.34,3.78,19.4,6.81,1.05,16.92,21.5,22.84,23.28,17.58,13.88,3.42,28.92,0.12,75.77,26.0,22.19,47.83,5.0,13.06,14.17,2.02,1.38,3.17,0.2,3.04,2.79,0.09,0.11,0.06,0.13,0.26,0.09,0.29,0.25,0.28,,,,,,,,,,,,,,2.02,19.59,6.79,18.22,1.26,0.7,0.07,0.21,4.2,1.17,0.39,0.43,403.54,538.97,9.86,8738.14,5433.11,179.1,204.51,9.14,171.77,198.32,12.88,95.88,207.85,20.77,1.38,1.94,1.74,0.87,16.2,38.11,12.67,4.94,42.09,475.07,111.78,19.45,2.97,5.0,51.52,59.27,19.45,15.41,3.05,0.43,403.54,3.7,14.89,32.6,1.59,21.79,7.82,1.67,2.42,2.0,1.56,2.72,0.1,1.56,0.8,0.0,0.81,0.4,0.46,28.12,16.44,15.78,10.68,4.79,14.15,25.14,23.07,12.58,19.74,12.45,10.4,16.78,43.75,47.83,0.81,662.32,222.79,372.39,290.89,198.2,33.51,662.35,20.17,8.94,18.51,10.13,17.43,319.96,1807.52,1007.98,21.46,15.29,6.23,22.34,15.01,360.97,46.15,14.23,7.13,12.2,5.28,12.65,9.24,0.62,15.02,17.3,18.74,18.79,15.75,14.44,6.1,51.52,0.33,69.74,39.3,30.33,21.79
10,Fulham,27.0,26.0,17.0,1.0,1.0,3.0,0.0,1.1,1.1,0.07,0.08,0.03,0.17,0.11,0.07,0.2,0.11,0.2,61.0,190.0,133.0,72.1,13.0,17.0,10.0,26.3,8.0,8.0,0.0,0.0,0.0,1.0,13.0,5.0,35.45,1.04,0.47,0.1,0.29,15.2,0.0,0.0,0.0,627.0,748.0,78.6,9667.0,2614.0,266.0,294.0,87.9,263.0,298.0,80.7,48.0,83.0,61.7,1.0,0.8,0.9,0.0,11.0,40.0,7.0,1.0,56.0,702.0,33.0,0.0,1.0,2.0,5.0,2.0,0.0,0.0,0.0,0.0,627.0,1.0,13.0,27.0,1.9,15.0,0.0,1.0,2.0,0.0,0.0,2.0,0.19,1.0,0.0,0.0,0.0,0.0,0.0,21.0,12.0,9.0,7.0,2.0,11.0,20.0,47.65,9.0,16.0,3.0,9.0,10.0,31.0,14.0,0.0,883.0,27.0,167.0,361.0,161.0,24.0,883.0,17.0,8.0,48.15,6.0,42.05,505.0,2836.0,1054.0,11.0,12.0,2.0,13.0,10.0,606.0,38.0,13.5,80.0,4.5,2.5,18.0,3.0,1.24,23.0,26.5,20.6,28.0,16.0,10.0,1.0,5.0,0.0,65.0,11.0,15.0,51.1,27.16,23.52,16.72,2.16,1.6,3.32,0.16,2.09,2.03,0.1,0.15,0.13,0.28,0.16,0.1,0.26,0.16,0.26,61.0,190.0,133.0,72.1,13.0,17.0,10.0,26.3,8.0,8.0,0.0,0.0,0.0,2.16,19.96,7.0,41.04,1.42,0.6,0.14,0.34,15.15,0.56,0.08,0.08,652.44,809.48,77.1,11609.52,4021.52,281.12,316.28,83.76,291.08,333.88,81.4,63.44,114.12,64.34,1.6,1.52,1.34,0.08,15.16,44.68,14.2,3.76,58.68,736.56,70.88,8.48,2.32,4.72,29.44,27.84,8.48,2.8,3.92,0.04,652.44,2.04,16.84,35.08,2.11,26.08,3.16,1.6,2.68,0.96,0.6,3.8,0.34,2.92,0.24,0.16,0.32,0.12,0.04,27.16,15.36,13.56,10.4,3.2,13.84,27.12,42.35,13.28,17.48,4.68,12.8,14.84,42.0,29.76,0.56,972.72,111.68,344.76,414.36,222.72,33.96,972.64,22.0,10.84,51.42,9.28,39.87,555.32,2907.0,1471.08,26.8,20.32,6.04,20.8,13.0,647.32,58.08,12.29,80.38,7.18,5.0,20.7,5.03,1.27,23.31,25.65,22.34,27.42,15.36,14.56,2.04,29.44,0.16,73.48,19.48,20.36,48.4,3.88,11.42,11.84,2.49,2.14,2.81,0.37,2.3,2.23,0.1,0.18,0.24,0.31,0.16,0.1,0.21,0.16,0.2,,,,,,,,,,,,,,2.49,20.8,7.22,22.3,1.36,0.67,0.21,0.32,5.47,1.53,0.4,0.4,500.89,615.3,9.11,9651.46,4294.84,212.38,237.34,13.37,255.49,278.98,12.56,63.23,130.2,16.85,2.14,1.85,1.61,1.22,19.93,35.43,17.86,5.83,50.9,544.58,99.55,30.13,3.29,5.58,50.49,75.78,30.13,9.96,14.91,0.2,500.89,1.97,17.53,37.94,1.65,27.6,9.83,1.83,3.08,1.81,0.82,4.47,0.58,3.8,0.88,0.37,0.69,0.33,0.2,33.05,17.5,19.28,12.41,3.44,21.74,34.46,21.08,14.36,15.86,5.37,13.18,18.33,49.14,33.5,1.04,705.52,254.69,414.12,320.57,228.54,31.61,705.48,22.16,10.99,23.68,9.91,24.36,394.48,2210.94,1209.96,31.69,23.58,8.07,18.12,12.05,441.66,63.28,12.57,7.84,10.04,5.94,14.03,7.0,0.47,16.38,16.85,14.87,17.07,11.9,14.3,2.85,50.49,0.47,61.15,19.3,23.1,18.71
11,Liverpool,24.0,22.5,13.5,1.0,0.5,1.5,0.0,0.85,0.85,0.06,0.06,0.02,0.1,0.08,0.06,0.13,0.08,0.13,20.5,73.5,54.0,72.25,12.0,2.0,5.0,24.3,0.5,0.5,0.0,0.0,0.0,1.0,11.5,3.5,31.1,0.8,0.22,0.06,0.25,16.2,0.0,0.0,0.0,465.0,564.0,82.45,8382.0,2533.5,250.5,288.5,91.1,215.0,238.0,87.0,37.5,55.0,60.8,0.5,0.95,1.1,0.0,13.0,31.0,11.0,0.0,60.5,553.0,23.5,0.0,1.0,1.5,4.0,4.0,0.0,0.0,0.0,0.0,465.0,2.0,9.0,34.0,2.68,26.0,0.0,0.5,1.0,0.0,0.0,2.5,0.14,2.0,0.0,0.0,0.0,0.0,0.0,24.0,13.0,6.5,10.5,3.0,9.5,22.0,43.5,9.0,16.5,1.0,10.0,6.5,31.5,8.5,0.0,793.0,16.0,106.5,331.0,224.5,22.5,792.5,15.5,5.5,43.3,7.5,44.0,508.5,2848.5,1415.5,27.5,20.5,2.5,12.0,6.0,596.5,34.5,10.0,79.0,3.0,2.0,20.0,2.5,2.2,32.5,15.5,32.1,15.25,9.5,10.5,0.0,4.0,0.0,65.0,9.5,12.0,53.6,23.83,19.47,13.93,2.67,2.0,2.3,0.17,3.01,2.76,0.11,0.13,0.11,0.24,0.15,0.11,0.25,0.14,0.24,20.5,73.5,54.0,72.25,12.0,2.0,5.0,24.3,0.5,0.5,0.0,0.0,0.0,2.67,26.03,8.77,28.47,1.33,0.43,0.09,0.28,17.26,0.6,0.2,0.3,679.2,812.63,81.83,11551.67,3956.73,321.87,354.7,89.96,287.57,325.43,85.84,54.57,93.8,60.64,2.0,2.15,1.85,-0.15,19.93,55.53,16.87,2.67,70.33,749.67,59.63,9.57,3.4,4.83,27.23,25.17,9.57,2.87,5.7,0.07,679.2,3.33,12.37,46.27,2.39,34.83,3.87,2.2,3.37,1.43,0.57,4.37,0.23,3.2,0.27,0.3,0.33,0.23,0.03,22.57,13.93,9.13,9.67,3.77,11.37,25.6,45.4,14.23,15.83,3.6,12.23,9.73,32.3,19.43,0.63,958.8,73.1,246.33,458.53,262.3,47.4,958.5,24.57,11.03,37.8,11.03,48.07,596.47,3080.8,1608.13,30.8,23.13,9.83,19.13,13.57,674.33,69.7,11.0,79.78,6.53,4.37,17.26,4.63,2.23,31.4,14.9,32.11,16.58,15.43,12.53,3.33,27.23,0.07,67.8,19.43,14.7,53.91,4.79,13.25,11.02,4.29,2.7,2.74,0.38,5.12,4.41,0.12,0.2,0.14,0.31,0.21,0.12,0.3,0.18,0.28,13.44,50.2,36.77,1.63,5.66,2.83,4.24,6.08,0.71,0.71,0.0,0.0,,4.29,32.88,13.08,17.29,1.39,0.57,0.09,0.16,4.7,1.59,0.92,1.29,635.46,732.59,8.13,11510.12,4581.85,285.1,308.99,8.13,302.87,326.09,10.3,64.87,115.96,9.42,2.7,2.88,2.23,1.51,22.88,61.76,19.22,4.41,68.2,673.27,85.5,23.54,5.43,7.35,48.35,48.58,23.54,7.7,14.31,0.37,635.46,3.82,12.07,47.97,2.0,35.12,9.03,3.53,5.2,2.1,0.9,5.39,0.27,3.82,0.69,0.84,0.76,0.5,0.18,21.44,12.95,9.7,10.53,4.07,12.7,28.75,20.16,17.31,15.21,6.72,12.8,10.95,31.07,29.07,1.27,825.29,153.16,325.65,471.32,274.44,65.94,825.13,30.84,14.49,20.04,14.1,23.58,499.19,2531.78,1335.74,33.06,21.9,17.94,21.46,18.11,578.03,90.27,11.33,7.94,8.53,5.7,8.19,6.2,0.6,23.47,11.93,24.9,12.98,16.11,13.19,7.36,48.35,0.25,58.66,28.7,15.19,24.45
12,Luton Town,26.0,21.5,14.0,1.0,0.0,2.5,0.0,0.8,0.8,0.04,0.06,0.0,0.15,0.05,0.04,0.12,0.05,0.12,42.5,111.5,71.0,81.65,3.0,12.0,1.0,5.3,2.0,2.0,0.0,0.0,0.0,1.0,9.0,2.0,26.9,0.69,0.2,0.08,0.25,16.05,0.0,0.0,0.0,330.0,427.5,73.0,5865.0,1592.5,160.5,174.0,87.1,129.0,160.0,78.7,24.5,48.0,47.1,0.0,0.55,0.55,-0.1,7.5,23.5,4.5,1.0,35.5,403.0,23.0,0.0,0.0,2.0,10.5,5.5,0.0,0.0,0.0,0.0,330.0,1.0,7.5,16.0,1.44,12.5,0.0,1.0,1.0,0.5,0.0,1.0,0.12,1.0,0.0,0.0,0.0,0.0,0.0,18.0,11.0,9.0,6.0,1.5,10.0,20.0,50.7,8.5,17.5,5.5,10.5,8.0,25.0,21.0,0.0,584.0,41.5,131.5,241.0,117.0,18.0,584.0,11.5,6.5,50.0,5.5,37.5,308.0,1798.0,943.5,10.5,8.0,2.0,12.0,8.0,351.5,15.5,8.5,80.0,2.5,2.0,21.0,2.5,0.68,19.0,30.0,15.4,27.7,14.5,11.0,0.0,10.5,0.0,62.5,13.5,15.5,50.0,25.89,20.57,14.93,1.75,1.18,2.54,0.0,1.56,1.42,0.06,0.11,0.07,0.18,0.1,0.06,0.16,0.09,0.16,42.5,111.5,71.0,81.65,3.0,12.0,1.0,5.3,2.0,2.0,0.0,0.0,0.0,1.75,15.25,4.79,32.55,0.98,0.31,0.09,0.34,16.06,0.39,0.18,0.18,394.57,539.25,73.8,7195.54,2905.43,177.46,206.57,86.14,158.68,193.96,80.11,46.04,102.82,46.19,1.18,1.08,0.98,0.1,11.25,29.82,8.93,3.21,39.75,469.86,67.0,7.25,0.79,3.96,30.04,25.11,7.25,3.32,3.61,0.18,394.57,2.39,14.75,26.75,1.54,18.0,2.61,2.11,1.96,1.64,0.43,2.89,0.15,1.64,0.25,0.21,0.57,0.21,0.0,23.36,13.14,11.79,8.43,3.14,10.68,22.0,48.47,11.32,17.61,6.54,11.07,11.61,34.96,32.71,0.75,702.0,93.93,251.0,282.36,177.29,27.86,701.82,27.54,12.64,47.49,11.82,42.21,359.64,2142.5,1064.75,24.11,17.14,6.04,20.71,13.75,389.68,39.07,11.0,79.6,6.84,4.16,22.35,4.84,0.63,20.43,33.39,16.68,30.63,15.82,16.0,2.39,30.04,0.14,66.71,22.68,22.54,51.12,3.88,10.92,10.93,2.82,1.93,2.06,0.0,2.42,1.89,0.06,0.16,0.1,0.21,0.11,0.06,0.15,0.1,0.14,60.1,154.86,97.58,25.95,4.24,16.97,1.41,,2.83,2.83,0.0,0.0,,2.82,17.68,6.33,24.36,0.88,0.32,0.1,0.33,4.2,1.23,0.94,0.94,326.31,451.71,9.28,6952.02,4329.22,143.6,163.6,7.29,136.8,158.44,11.39,73.9,185.4,11.55,1.93,1.42,1.22,0.94,14.98,30.46,9.93,5.39,36.92,361.33,125.83,28.48,1.47,5.47,64.98,54.0,28.48,12.5,15.12,0.94,326.31,2.92,15.71,30.6,1.14,18.15,8.99,3.45,2.56,2.77,0.79,3.99,0.17,2.08,1.0,0.5,0.96,0.79,0.0,18.72,10.81,9.79,7.32,3.77,8.99,18.34,20.62,10.8,13.24,7.09,9.23,13.03,30.23,32.42,1.08,531.29,209.28,313.54,238.38,190.79,32.91,531.16,32.7,17.03,20.14,13.74,20.98,276.93,1866.43,1005.15,30.68,19.17,10.03,19.43,15.65,294.3,48.81,11.47,6.91,9.27,5.59,8.75,7.16,0.23,14.84,23.14,12.0,21.11,11.94,16.33,3.92,64.98,0.45,52.2,27.23,32.19,22.1
13,Manchester City,27.0,28.0,16.0,1.0,1.0,2.0,0.0,1.4,1.4,0.09,0.08,0.09,0.19,0.11,0.09,0.19,0.11,0.19,17.0,54.5,38.0,72.4,14.0,1.5,6.5,45.15,1.5,1.5,0.0,0.0,0.0,1.0,16.0,5.0,38.5,1.23,0.3,0.1,0.36,16.1,0.0,0.0,0.0,732.0,852.0,87.2,11555.0,2992.0,402.0,426.0,94.4,223.0,293.0,90.55,41.0,57.0,67.3,1.0,1.2,1.8,0.0,13.0,29.0,15.0,1.0,57.0,840.0,34.0,0.0,2.0,2.0,9.0,4.0,0.0,0.0,0.0,0.0,732.0,1.0,11.0,36.0,2.08,28.0,0.0,1.0,1.0,2.0,0.0,4.0,0.35,3.0,0.0,0.0,0.0,0.0,0.0,13.0,8.0,4.0,7.0,3.0,6.0,16.0,48.5,7.0,11.0,1.0,10.0,5.0,18.0,10.0,0.0,1103.0,20.0,119.0,287.0,282.0,34.0,1103.0,18.0,9.0,50.0,6.0,37.9,633.0,3714.0,2080.0,34.0,40.0,5.0,13.0,12.0,833.0,38.0,11.0,83.5,6.0,2.0,18.0,3.5,2.42,45.0,14.0,35.7,14.4,10.0,15.0,0.0,9.0,0.0,53.0,4.0,5.0,50.0,25.52,21.32,16.72,3.76,2.76,2.12,0.08,3.28,2.97,0.15,0.16,0.2,0.37,0.18,0.15,0.32,0.17,0.31,17.0,54.5,38.0,72.4,14.0,1.5,6.5,45.15,1.5,1.5,0.0,0.0,0.0,3.76,27.32,10.56,37.31,1.73,0.76,0.11,0.32,16.94,1.0,0.36,0.4,984.64,1110.32,87.04,15762.56,4490.8,515.8,548.84,94.28,377.96,412.24,89.11,66.08,99.92,65.0,2.76,2.43,2.48,0.33,21.8,75.6,19.36,2.6,82.4,1045.44,63.2,11.44,3.4,5.32,28.0,24.16,11.44,4.56,2.64,0.28,984.64,1.68,15.32,50.36,2.72,39.64,2.6,2.6,2.68,2.16,0.68,6.76,0.49,5.0,0.2,0.56,0.4,0.52,0.08,20.68,12.2,7.32,8.84,4.52,8.88,18.32,44.64,9.44,14.12,3.0,11.12,9.32,30.0,18.28,0.68,1256.56,86.48,280.48,573.92,410.4,58.64,1256.16,29.24,15.08,50.58,11.28,41.3,808.4,4215.88,2322.84,45.08,34.68,16.6,17.64,14.24,973.72,81.28,13.93,83.35,10.03,3.83,19.91,7.37,2.51,42.24,14.96,35.4,15.62,11.56,16.4,1.68,28.0,0.04,69.36,13.0,11.52,47.36,4.1,12.08,12.75,6.53,3.63,2.49,0.28,6.23,5.07,0.19,0.22,0.36,0.44,0.22,0.19,0.33,0.19,0.31,14.14,38.89,25.46,2.4,14.14,2.12,4.95,21.0,2.12,2.12,0.0,0.0,,6.53,33.99,14.61,22.4,1.73,1.49,0.11,0.25,4.34,2.87,1.44,1.63,911.97,993.08,6.11,15373.55,5107.94,458.05,482.52,4.24,390.1,412.76,8.0,83.34,112.64,14.55,3.63,3.11,2.61,1.48,23.75,95.07,20.17,3.89,87.84,950.63,69.04,29.67,4.46,8.25,41.83,50.47,29.67,11.26,8.1,1.06,911.97,2.15,14.33,49.34,2.16,39.08,6.47,3.99,3.04,2.34,1.46,6.97,0.73,5.26,0.65,0.87,0.76,0.87,0.28,20.67,12.38,8.07,9.45,4.73,9.3,18.35,19.36,9.82,12.74,4.7,10.31,10.07,29.78,22.23,1.11,1085.38,194.83,346.42,630.59,383.04,67.9,1085.55,38.85,20.45,22.82,15.26,23.09,696.19,3535.81,2045.31,50.92,29.46,31.44,18.99,14.23,858.09,92.6,13.21,5.17,10.68,4.03,11.14,8.16,0.24,30.12,10.4,25.79,10.98,10.29,15.14,2.3,41.83,0.2,60.72,17.39,13.15,27.07
14,Manchester Utd,25.0,21.0,12.0,1.0,1.0,2.0,0.0,0.5,0.5,0.07,0.06,0.06,0.14,0.05,0.07,0.18,0.05,0.18,58.0,203.0,146.0,74.9,18.0,14.0,9.0,23.7,7.0,7.0,0.0,0.0,0.0,1.0,5.0,2.0,30.8,0.87,0.17,0.07,0.26,17.1,0.0,0.0,0.0,528.0,648.0,81.7,7674.0,2012.0,273.0,280.0,89.2,174.0,202.0,84.65,26.0,41.0,57.05,1.0,0.7,0.5,-0.1,6.0,29.0,4.0,0.0,37.0,570.0,22.0,0.0,1.0,1.0,4.0,2.0,0.0,0.0,0.0,0.0,528.0,2.0,7.0,19.0,1.87,13.0,0.0,0.0,0.0,1.0,0.0,1.0,0.15,1.0,0.0,0.0,0.0,0.0,0.0,15.0,10.0,7.0,4.0,2.0,8.0,15.0,47.6,8.0,15.0,2.0,7.0,5.0,22.0,18.0,0.0,770.0,27.0,165.0,304.0,114.0,13.0,770.0,10.0,4.0,47.6,3.0,43.2,485.0,2221.0,1062.0,11.0,11.0,2.0,8.0,6.0,545.0,30.0,4.0,82.0,1.0,3.0,16.0,3.0,1.58,18.0,16.0,19.2,20.1,10.0,6.0,1.0,4.0,0.0,60.0,6.0,9.0,43.3,24.52,18.42,13.48,1.84,1.16,2.68,0.03,1.84,1.66,0.23,0.11,0.11,0.23,0.14,0.23,0.37,0.13,0.36,58.0,203.0,146.0,74.9,18.0,14.0,9.0,23.7,7.0,7.0,0.0,0.0,0.0,1.84,17.52,5.87,30.71,1.98,0.35,0.12,0.36,17.1,0.48,0.19,0.23,509.19,630.26,82.47,8403.45,2942.77,254.58,286.0,90.44,192.42,223.97,83.35,43.71,81.19,60.49,1.16,1.3,1.11,-0.14,14.0,38.77,10.9,1.61,47.71,573.68,53.65,7.23,2.35,3.19,19.16,20.74,7.23,2.26,2.77,0.32,509.19,2.94,12.0,31.9,3.06,23.97,2.55,1.77,1.68,1.23,0.71,3.16,0.2,2.19,0.13,0.26,0.23,0.19,0.16,21.81,13.19,10.77,7.74,3.29,11.26,23.06,55.42,11.81,17.23,6.68,10.55,10.1,31.9,28.52,0.39,774.1,94.77,264.42,317.94,198.23,33.06,773.87,22.48,10.03,46.89,9.77,41.19,450.84,2432.1,1277.65,24.48,16.87,8.87,15.61,11.03,503.03,47.32,9.72,80.15,6.19,3.56,16.15,4.4,1.52,20.23,20.58,20.04,24.45,12.94,10.97,2.94,19.16,0.03,59.71,14.06,14.52,43.89,4.6,11.64,11.69,2.99,1.63,2.4,0.18,2.88,2.46,0.79,0.16,0.24,0.28,0.21,0.79,0.97,0.21,0.97,,,,,,,,,,,,,,2.99,26.36,9.08,24.98,5.29,0.4,0.2,0.29,5.53,2.0,0.79,0.96,438.64,562.37,6.31,8122.8,3907.4,208.54,236.07,5.08,180.55,209.63,7.74,64.35,139.15,16.04,1.63,2.26,1.89,0.92,21.82,42.09,17.21,3.36,57.19,494.72,79.05,27.31,5.49,4.81,42.47,51.2,27.31,8.43,10.06,1.47,438.64,4.43,15.05,43.56,5.24,30.17,8.71,3.8,3.05,2.4,1.04,4.61,0.24,3.17,0.56,0.63,0.56,0.48,0.45,23.11,14.34,13.22,8.44,4.18,13.14,26.19,23.74,14.58,17.1,8.38,11.55,11.34,32.71,31.35,0.67,667.48,219.34,330.99,286.01,256.16,51.69,667.0,32.15,13.55,21.1,15.22,21.57,380.03,2120.74,1191.46,36.94,19.93,21.28,18.32,12.72,426.86,68.03,11.62,9.33,9.73,4.01,8.14,5.61,0.5,17.82,17.12,16.83,20.86,11.83,12.17,4.64,42.47,0.18,52.69,15.81,14.29,23.13
15,Newcastle Utd,25.0,17.5,11.0,1.0,0.0,1.5,0.0,0.7,0.7,0.05,0.08,0.0,0.16,0.08,0.05,0.13,0.08,0.13,16.0,58.0,42.0,70.8,9.0,4.0,5.0,22.7,0.0,0.0,0.0,0.0,20.0,1.0,7.5,2.5,33.3,0.86,0.2,0.13,0.4,15.45,0.0,0.0,0.0,377.5,506.0,82.15,6013.0,1730.5,214.5,246.0,90.1,130.0,168.5,86.7,17.0,32.5,51.5,0.0,0.65,0.65,0.0,7.5,26.0,3.5,0.0,32.5,437.0,18.5,0.0,0.0,1.5,7.5,3.5,0.0,0.0,0.0,0.0,377.5,1.0,10.5,19.0,2.05,12.5,0.0,1.0,1.0,0.0,0.0,3.0,0.22,2.0,0.0,0.0,0.0,0.0,0.0,13.5,8.0,6.5,5.0,1.0,5.0,11.0,46.9,6.0,12.0,0.5,5.5,5.5,16.5,9.5,0.0,663.5,24.5,124.0,235.0,138.5,20.0,663.5,11.5,5.5,48.1,4.0,41.9,354.0,1782.5,1008.0,13.0,7.0,2.5,10.5,7.5,408.0,25.5,9.0,82.0,5.0,3.0,21.0,1.0,1.56,26.0,15.0,24.65,14.0,6.0,6.0,0.5,7.5,0.0,43.5,7.5,9.0,47.0,25.34,17.72,13.06,2.59,1.72,2.47,0.03,2.43,2.21,0.09,0.16,0.09,0.25,0.16,0.09,0.25,0.14,0.24,20.67,65.0,44.33,62.03,6.0,4.67,3.33,18.67,1.67,1.33,0.33,0.0,20.0,2.59,16.94,6.12,32.1,1.2,0.43,0.13,0.42,15.18,0.28,0.25,0.28,503.66,620.38,79.23,8570.78,3012.53,240.03,269.47,88.0,210.06,242.41,85.9,42.44,78.25,53.12,1.72,1.62,1.36,0.09,13.25,34.59,11.88,2.38,48.66,563.31,55.22,6.0,2.66,4.16,20.25,21.22,6.0,2.34,1.88,0.28,503.66,1.84,11.38,30.72,1.87,22.28,2.16,2.25,2.09,1.44,0.5,4.5,0.26,2.81,0.22,0.56,0.41,0.41,0.09,20.66,12.22,9.88,7.94,2.84,9.44,21.28,44.32,11.84,15.53,4.72,10.81,8.91,29.56,21.31,0.5,750.12,76.47,252.62,317.0,187.62,34.19,749.88,22.81,11.09,42.86,9.0,43.31,426.53,2295.09,1143.28,23.03,15.84,7.59,15.81,12.5,499.81,48.28,11.94,81.56,7.77,4.26,19.03,5.51,1.61,29.22,21.31,26.14,21.1,12.06,14.66,1.84,20.25,0.03,57.38,14.16,13.06,47.43,5.11,11.78,11.94,4.37,2.9,2.83,0.18,4.18,3.43,0.11,0.24,0.14,0.3,0.22,0.11,0.27,0.19,0.25,19.43,61.8,41.55,16.59,5.2,4.04,2.89,17.01,2.89,2.31,0.58,0.0,,4.37,21.16,8.74,18.38,1.26,0.62,0.08,0.22,3.7,0.89,0.95,1.11,535.13,654.9,13.38,9797.81,3683.14,238.29,267.53,17.3,247.83,281.99,11.38,62.96,111.16,21.76,2.9,2.25,1.89,1.01,18.01,43.63,16.63,4.15,61.53,597.97,86.16,21.31,5.12,8.6,42.09,45.8,21.31,8.03,7.18,1.42,535.13,2.8,11.68,38.36,1.52,26.64,5.85,3.51,2.96,2.65,1.22,6.35,0.26,3.48,0.66,1.24,0.87,1.04,0.3,22.95,13.57,11.7,9.38,3.68,11.01,24.12,23.05,13.53,17.06,8.44,12.02,11.24,33.01,32.43,0.88,763.04,134.47,321.04,365.56,217.5,39.77,763.06,33.87,16.72,19.52,12.78,15.34,445.62,2481.39,1230.91,30.2,19.94,12.88,18.77,15.98,526.14,57.81,11.99,6.9,9.56,4.42,15.0,7.06,0.69,25.52,18.9,22.57,18.98,13.56,22.15,3.61,42.09,0.18,59.34,22.07,15.84,28.27
16,Nott'ham Forest,25.0,17.0,13.0,0.0,1.0,2.0,0.0,0.3,0.3,0.05,0.0,0.05,0.06,0.06,0.05,0.13,0.06,0.13,27.0,61.0,36.0,57.4,4.0,8.0,1.0,11.8,1.0,1.0,0.0,0.0,0.0,0.0,7.0,1.0,19.3,0.72,0.11,0.0,0.26,18.25,0.0,0.0,0.0,292.0,425.0,75.6,5238.0,1826.0,155.0,172.0,86.2,115.0,151.0,81.3,21.0,45.0,53.75,1.0,0.5,0.4,0.0,7.0,19.0,3.0,0.0,28.0,373.0,22.0,0.0,0.0,1.0,2.0,1.0,0.0,0.0,0.0,0.0,292.0,2.0,7.0,15.0,1.69,12.0,0.0,0.0,1.0,0.0,0.0,2.0,0.17,1.0,0.0,0.0,0.0,0.0,0.0,12.0,8.0,9.0,4.0,1.0,7.0,11.0,50.0,5.0,10.0,3.0,6.0,7.0,23.0,21.0,0.0,554.0,39.0,176.0,185.0,104.0,12.0,554.0,7.0,3.0,43.25,3.0,45.75,249.0,1039.0,532.0,10.0,7.0,1.0,8.0,4.0,246.0,14.0,8.0,82.5,4.0,2.0,18.0,3.0,0.97,16.0,21.0,13.9,16.2,9.0,4.0,0.0,2.0,0.0,42.0,12.0,10.0,55.8,25.27,17.45,12.67,1.48,1.3,2.48,0.09,1.53,1.5,0.07,0.08,0.08,0.16,0.11,0.07,0.19,0.11,0.19,22.33,54.33,32.67,58.3,3.0,6.67,1.33,12.7,1.33,1.33,0.0,0.0,0.0,1.48,13.64,4.33,21.7,1.6,0.26,0.06,0.32,17.02,0.21,0.03,0.03,359.79,474.94,75.74,6361.76,2516.58,166.85,194.3,84.52,144.33,177.48,80.65,38.24,75.45,55.47,1.3,1.15,0.84,0.15,9.85,27.42,7.39,1.85,34.55,423.3,49.3,4.48,1.61,2.52,18.03,20.03,4.48,2.42,1.67,0.0,359.79,2.33,9.55,23.73,2.46,17.15,2.03,1.48,1.7,0.97,0.39,2.73,0.21,2.12,0.15,0.21,0.09,0.09,0.06,22.06,13.0,13.24,6.64,2.18,9.85,18.39,49.79,8.55,14.79,5.09,9.7,10.03,32.09,29.33,0.39,609.64,75.61,222.42,251.82,142.0,23.79,609.61,18.27,8.33,45.85,8.12,47.12,309.58,1660.06,885.79,18.3,12.0,4.73,15.97,8.67,356.94,34.0,10.2,80.53,6.27,3.85,16.67,4.44,0.93,16.33,22.24,16.61,17.64,12.97,11.24,2.33,18.03,0.06,54.76,17.67,16.85,56.16,4.22,10.71,9.18,3.01,2.31,2.36,0.29,2.56,2.51,0.08,0.16,0.11,0.22,0.16,0.08,0.2,0.16,0.19,8.96,29.57,21.2,8.78,1.73,2.31,0.58,6.89,0.58,0.58,0.0,0.0,0.0,3.01,17.14,6.83,19.39,3.82,0.34,0.09,0.35,5.19,0.78,0.17,0.17,284.72,377.29,9.07,5288.88,2558.7,135.5,158.32,11.6,122.51,146.84,13.03,43.96,90.52,13.56,2.31,1.83,1.35,0.84,14.52,28.79,9.51,3.63,37.13,341.31,59.74,17.13,3.16,4.53,35.79,36.62,17.13,8.07,7.82,0.0,284.72,2.68,10.0,29.93,3.83,19.41,6.7,2.44,2.13,1.72,0.61,3.79,0.25,3.15,0.57,0.6,0.29,0.29,0.24,21.21,12.68,13.86,7.21,2.92,9.73,17.16,20.25,8.38,13.93,6.25,9.38,10.6,30.45,35.18,0.79,482.71,110.98,214.78,228.79,177.45,31.32,482.63,26.94,11.97,22.6,12.37,22.69,259.02,1594.86,918.2,28.23,16.5,9.91,19.64,10.63,300.48,52.59,9.65,8.42,7.38,4.28,8.73,4.85,0.32,12.81,16.61,12.81,12.94,12.64,14.82,4.27,35.79,0.24,47.98,18.19,21.27,19.11
17,Sheffield Utd,24.0,13.0,9.0,0.0,0.0,2.0,0.0,0.4,0.4,0.04,0.0,0.0,0.0,0.04,0.04,0.09,0.04,0.08,52.0,131.5,83.0,60.65,1.5,14.0,0.5,1.7,3.5,2.5,0.0,1.0,0.0,0.0,4.0,1.0,29.25,0.47,0.16,0.0,0.0,15.8,0.0,0.0,0.0,148.0,261.0,71.3,2833.0,720.0,76.0,89.0,85.4,57.0,76.0,79.3,6.0,17.0,41.5,0.0,0.3,0.2,-0.1,2.0,11.0,3.0,0.0,13.0,181.0,13.0,0.0,0.0,0.0,5.0,1.0,0.0,0.0,0.0,0.0,148.0,1.0,7.0,9.0,1.07,6.0,0.0,0.0,1.0,0.0,0.0,0.0,0.0,0.0,0.0,0.0,0.0,0.0,0.0,12.0,7.0,5.0,5.0,1.0,5.0,12.0,42.6,7.0,10.0,2.0,6.0,5.0,19.0,17.0,0.0,324.0,26.0,84.0,112.0,65.0,9.0,324.0,11.0,3.0,48.3,4.0,45.8,152.0,923.0,391.0,6.0,5.0,1.0,9.0,5.0,140.0,14.0,5.0,79.5,1.0,2.0,24.0,2.0,0.38,6.0,23.0,9.3,19.2,8.0,9.0,1.0,5.0,0.0,34.0,7.0,15.0,44.0,24.14,16.29,11.94,0.89,0.51,2.89,0.14,1.13,1.02,0.06,0.05,0.03,0.07,0.08,0.06,0.14,0.07,0.14,52.0,131.5,83.0,60.65,1.5,14.0,0.5,1.7,3.5,2.5,0.0,1.0,0.0,0.89,10.29,3.34,31.07,0.75,0.25,0.03,0.12,16.69,0.23,0.14,0.14,272.03,385.66,71.18,4851.51,2037.71,128.17,152.77,85.01,106.66,134.03,76.66,29.83,75.14,44.5,0.51,0.75,0.61,-0.23,7.34,20.03,5.66,1.37,25.26,335.8,48.03,4.03,0.71,1.49,12.23,19.03,4.03,2.0,1.34,0.17,272.03,1.83,9.17,17.17,1.31,12.14,1.69,1.11,1.29,0.63,0.31,1.37,0.09,0.91,0.06,0.11,0.17,0.09,0.03,20.26,11.57,10.71,7.09,2.46,8.54,18.14,39.68,9.6,14.69,5.14,9.54,9.94,30.2,29.77,0.51,512.57,80.4,204.29,204.0,109.43,18.46,512.43,16.51,7.14,43.38,8.14,45.79,237.51,1235.97,581.11,9.8,8.2,3.63,13.97,9.23,269.86,24.97,9.5,73.8,5.98,3.45,24.53,4.27,0.41,10.97,32.46,11.98,23.98,12.09,9.09,1.83,12.23,0.2,46.8,16.71,19.8,40.32,4.7,11.6,10.93,1.73,1.25,3.11,0.43,1.81,1.59,0.08,0.11,0.06,0.16,0.12,0.08,0.16,0.1,0.15,38.18,102.53,66.47,4.31,2.12,11.31,0.71,2.4,3.54,3.54,0.0,0.0,,1.73,13.29,4.64,25.31,0.8,0.33,0.05,0.16,5.59,1.06,0.43,0.43,275.97,386.5,12.97,5432.19,3081.57,124.28,145.42,9.9,123.05,150.12,12.94,49.64,132.7,17.65,1.25,1.19,0.9,0.52,12.83,23.18,7.9,2.04,29.63,333.62,78.81,14.32,1.36,2.57,22.39,40.41,14.32,7.76,5.55,0.75,275.97,2.22,9.14,22.58,1.05,15.21,4.26,2.42,1.69,1.11,0.63,2.44,0.14,1.9,0.24,0.4,0.38,0.28,0.17,25.53,15.45,14.49,9.61,3.26,10.58,20.55,21.33,10.86,15.73,7.93,9.74,11.73,36.01,40.42,1.2,493.09,168.51,273.47,214.03,119.29,22.09,493.04,21.2,9.27,24.85,11.1,23.26,219.52,1179.74,597.02,12.95,9.26,5.78,16.07,11.2,252.75,32.81,10.87,15.16,8.77,3.75,9.53,5.14,0.49,10.52,29.47,11.35,21.3,12.95,8.03,3.02,22.39,0.47,47.46,25.44,23.28,20.77
18,Tottenham,24.0,22.0,11.0,1.0,0.0,2.0,0.0,0.7,0.7,0.07,0.08,0.0,0.16,0.1,0.07,0.22,0.1,0.22,61.0,167.0,109.0,67.7,20.0,12.0,7.0,18.4,7.0,7.0,0.0,0.0,0.0,1.0,9.0,3.0,33.85,1.3,0.29,0.08,0.29,14.8,0.0,0.0,0.0,519.0,728.0,85.8,7315.0,2073.0,303.0,324.0,91.8,185.0,217.0,90.2,19.0,38.0,63.6,0.0,0.5,0.9,0.0,7.0,37.0,8.0,1.0,57.0,710.0,18.0,0.0,1.0,0.0,10.0,3.0,0.0,0.0,0.0,0.0,519.0,2.0,10.0,21.0,2.15,16.0,0.0,1.0,1.0,0.0,0.0,2.0,0.25,2.0,0.0,0.0,0.0,0.0,0.0,21.0,13.0,6.0,7.0,3.0,10.0,18.0,50.0,8.0,12.0,2.0,10.0,8.0,27.0,12.0,0.0,931.0,24.0,106.0,292.0,198.0,19.0,931.0,17.0,10.0,46.6,6.0,42.5,573.0,2759.0,1292.0,17.0,16.0,2.0,12.0,7.0,685.0,29.0,4.5,83.0,1.0,3.0,20.0,2.0,1.79,22.0,21.0,19.9,21.8,12.0,17.0,1.0,10.0,0.0,53.0,5.0,10.0,38.5,24.17,20.28,14.41,2.38,2.0,3.17,0.14,2.38,2.32,0.13,0.17,0.15,0.33,0.16,0.13,0.29,0.16,0.29,61.0,167.0,109.0,67.7,20.0,12.0,7.0,18.4,7.0,7.0,0.0,0.0,0.0,2.38,20.07,7.14,29.98,1.39,0.44,0.11,0.32,15.61,0.38,0.07,0.07,712.03,834.38,82.85,11249.0,3840.69,366.55,400.59,89.3,288.31,322.24,86.4,37.55,65.69,61.56,2.0,1.99,1.79,0.01,15.86,54.76,15.66,2.24,72.66,764.38,67.14,8.07,3.14,2.03,24.48,24.93,8.07,3.21,2.41,0.03,712.03,2.86,16.55,36.31,2.67,28.21,2.07,2.07,2.1,1.07,0.79,4.21,0.31,3.31,0.24,0.24,0.17,0.1,0.14,24.97,15.55,11.55,9.1,4.31,12.41,23.83,49.98,11.41,15.34,4.55,10.79,12.24,37.21,24.38,0.83,983.76,96.24,293.76,422.76,276.24,45.38,983.69,28.0,12.38,43.32,12.52,45.79,623.48,3198.86,1606.66,33.0,21.86,12.03,19.28,12.93,706.24,72.31,11.61,79.91,6.78,4.72,20.79,4.72,1.8,28.03,22.9,25.79,23.76,14.66,17.59,2.86,24.48,0.1,65.76,12.38,13.38,41.22,4.19,12.61,13.31,3.87,3.14,2.84,0.44,3.31,3.15,0.18,0.35,0.25,0.43,0.16,0.18,0.27,0.16,0.27,,,,,,,,,,,,,,3.87,23.55,9.67,16.02,1.15,0.49,0.13,0.28,4.94,1.05,0.37,0.37,660.12,756.57,10.32,10954.85,4440.46,328.91,355.79,9.77,306.41,327.22,11.66,42.07,86.21,16.56,3.14,3.08,2.32,1.31,21.65,58.59,20.75,4.19,70.67,682.85,103.82,25.33,4.88,3.2,44.93,64.7,25.33,10.5,9.03,0.19,660.12,3.34,18.16,43.51,2.16,32.73,6.44,3.1,2.69,2.05,1.24,5.19,0.38,4.0,0.69,0.69,0.38,0.31,0.35,26.58,16.78,13.38,10.21,5.4,14.55,26.82,25.05,13.43,15.7,6.02,11.82,13.06,38.85,30.93,1.26,866.07,236.47,406.13,426.19,304.09,62.26,866.04,32.46,13.51,19.11,16.32,20.32,546.13,2777.79,1479.27,39.1,21.67,20.83,21.44,15.95,606.84,104.08,13.24,8.95,10.45,6.15,15.25,5.99,0.42,24.14,18.24,21.96,19.56,15.4,16.98,5.1,44.93,0.31,61.89,17.61,14.15,24.6
19,West Ham,27.0,19.5,11.5,1.0,0.0,2.0,0.0,0.8,0.7,0.04,0.04,0.0,0.08,0.07,0.04,0.12,0.07,0.12,37.0,120.5,84.5,70.25,7.0,7.0,2.5,13.6,5.0,4.0,1.0,0.0,14.3,1.0,10.0,2.5,27.8,0.93,0.24,0.07,0.33,14.2,0.0,0.0,0.0,250.0,321.0,75.9,4717.5,1743.0,128.5,154.5,89.1,91.0,112.5,82.2,29.5,59.5,50.0,0.0,0.3,0.3,0.0,4.5,18.5,2.5,0.0,27.0,288.5,19.0,0.0,1.0,3.0,4.5,3.0,0.0,0.0,0.0,0.0,250.0,2.0,6.5,13.5,1.62,9.5,0.0,0.0,1.0,0.0,0.0,1.0,0.11,0.5,0.0,0.0,0.0,0.0,0.0,11.0,6.5,6.0,6.0,1.0,5.5,14.5,48.1,6.0,10.5,1.5,7.5,5.0,16.0,11.5,0.0,472.0,20.5,161.5,161.0,70.0,19.5,472.0,8.5,3.5,46.2,4.5,41.9,291.5,1778.0,711.5,7.0,6.0,1.0,8.5,3.5,295.0,17.0,4.5,85.5,2.0,3.0,18.0,4.0,1.36,19.0,24.0,18.0,23.1,7.5,6.0,1.0,4.5,0.0,46.0,11.0,10.5,50.0,27.0,20.27,16.08,2.23,1.54,3.15,0.12,2.03,1.87,0.06,0.22,0.06,0.27,0.14,0.06,0.2,0.13,0.2,37.0,120.5,84.5,70.25,7.0,7.0,2.5,13.6,5.0,4.0,1.0,0.0,14.3,2.23,17.12,5.62,32.56,1.14,0.43,0.12,0.34,15.82,0.65,0.15,0.19,483.38,629.73,76.91,8436.0,3291.35,232.42,263.69,87.69,185.27,221.19,82.91,51.15,104.54,49.37,1.54,1.35,1.18,0.19,11.73,37.65,8.65,2.73,46.42,560.31,66.69,6.35,2.31,6.08,25.42,27.73,6.35,3.58,2.35,0.0,483.38,2.73,15.81,30.08,1.88,19.92,3.5,2.23,1.65,1.81,0.96,4.0,0.18,2.69,0.42,0.31,0.31,0.15,0.12,26.31,16.38,13.46,9.77,3.08,11.81,23.35,47.38,11.54,18.73,6.92,11.81,13.88,40.19,34.85,0.35,802.88,100.19,280.81,350.0,180.46,28.85,802.65,28.65,13.58,46.21,12.35,44.24,430.15,2333.0,1107.77,21.38,14.19,6.46,19.81,15.27,479.19,45.85,13.06,82.5,9.59,3.41,19.57,7.28,1.37,25.35,31.23,22.11,30.0,15.0,15.08,2.73,25.42,0.15,69.88,22.15,21.92,51.54,4.87,12.39,14.22,3.78,2.52,3.43,0.33,2.92,2.8,0.07,0.53,0.08,0.53,0.18,0.07,0.21,0.18,0.2,22.63,95.46,72.83,6.01,5.66,5.66,2.12,0.99,2.83,1.41,1.41,0.0,20.22,3.78,21.85,8.32,21.81,1.0,0.56,0.22,0.29,5.78,3.14,0.54,0.57,461.07,583.38,8.81,7865.2,3589.84,248.56,277.34,6.99,178.74,209.74,11.5,58.5,126.09,19.02,2.52,2.13,1.84,0.85,16.35,43.46,13.2,5.3,51.7,515.05,101.76,23.83,5.84,8.1,44.94,77.9,23.83,13.41,10.39,0.0,461.07,3.01,19.59,36.21,1.56,22.69,10.4,5.09,2.12,3.05,1.22,5.82,0.21,3.99,1.42,0.74,0.74,0.46,0.33,29.93,19.17,16.13,11.47,4.62,13.93,25.23,20.43,12.21,19.32,9.27,13.01,15.49,43.93,44.52,0.8,721.7,171.45,294.43,359.72,216.9,39.52,721.42,47.76,25.5,25.15,18.83,22.04,378.98,2097.64,1019.63,30.77,17.54,12.34,26.29,25.25,440.11,61.97,14.27,7.6,11.69,3.97,10.65,8.73,0.46,22.23,25.77,18.4,24.81,15.31,19.96,5.23,44.94,0.46,68.65,25.78,23.29,24.75
20,Wolves,24.0,24.0,10.0,0.0,0.0,2.0,0.0,1.0,1.0,0.05,0.0,0.0,0.03,0.06,0.05,0.12,0.06,0.12,32.5,101.5,69.5,63.35,6.5,9.0,2.5,22.35,4.0,4.0,0.0,0.0,0.0,0.0,10.0,3.0,33.3,0.93,0.22,0.06,0.2,16.6,0.0,0.0,0.0,426.0,551.0,80.0,7158.0,1984.0,211.0,237.0,89.5,154.0,210.0,85.5,28.0,55.0,51.4,0.0,1.0,0.6,-0.1,6.0,19.0,7.0,1.0,31.0,508.0,43.0,0.0,1.0,2.0,6.0,5.0,0.0,0.0,0.0,0.0,426.0,2.0,9.0,17.0,1.91,14.0,0.0,0.0,1.0,0.0,0.0,1.0,0.04,1.0,0.0,0.0,0.0,0.0,0.0,20.0,10.0,8.0,6.0,2.0,9.0,19.0,46.7,8.0,17.0,2.0,10.0,6.0,27.0,14.0,0.0,777.0,30.0,149.0,336.0,130.0,12.0,776.0,15.0,8.0,53.05,4.0,37.6,330.0,1850.0,988.0,12.0,9.0,2.0,8.0,6.0,481.0,15.0,3.0,81.0,1.0,1.0,19.0,3.0,1.16,17.0,23.0,16.3,23.2,11.0,9.0,2.0,6.0,0.0,62.0,8.0,18.0,41.9,24.59,20.89,15.48,1.74,1.33,3.78,0.15,1.79,1.67,0.08,0.11,0.06,0.17,0.12,0.08,0.2,0.12,0.2,32.5,101.5,69.5,63.35,6.5,9.0,2.5,22.35,4.0,4.0,0.0,0.0,0.0,1.74,15.74,5.67,31.2,1.05,0.37,0.08,0.24,16.25,0.44,0.15,0.15,573.48,710.19,80.02,9479.0,3135.15,284.96,317.67,89.47,225.93,259.85,85.17,45.11,93.59,51.54,1.33,1.21,1.03,0.13,11.7,33.7,8.85,2.26,43.7,644.78,62.52,5.78,1.81,4.63,21.41,25.33,5.78,2.78,1.52,0.56,573.48,2.89,12.33,27.52,5.15,19.22,2.48,1.96,1.74,1.56,0.56,3.0,0.15,1.93,0.26,0.26,0.22,0.26,0.07,27.37,15.93,15.37,9.15,2.85,11.56,22.48,43.38,10.93,18.74,6.41,12.33,10.52,37.89,30.67,0.59,869.81,104.56,321.26,380.07,177.93,27.37,869.67,30.48,15.37,57.85,12.0,32.92,483.56,2642.52,1360.41,24.85,19.22,6.22,19.85,14.41,568.52,43.07,10.72,79.92,6.87,3.74,20.59,5.03,1.06,20.33,26.37,19.0,27.36,17.63,15.0,2.89,21.41,0.04,69.81,16.33,18.19,43.34,4.53,12.82,13.59,3.19,2.45,3.78,0.36,2.45,2.2,0.11,0.23,0.13,0.29,0.14,0.11,0.24,0.14,0.24,36.06,122.33,86.97,14.21,7.78,9.9,2.12,15.49,5.66,5.66,0.0,0.0,,3.19,18.39,8.11,17.19,0.83,0.4,0.11,0.26,4.89,1.48,0.46,0.46,545.59,654.72,7.78,9516.23,3610.37,268.41,295.21,6.33,249.53,276.12,9.69,53.21,121.17,15.67,2.45,1.47,1.28,1.38,12.86,34.38,11.03,3.29,43.69,606.86,81.09,14.99,2.79,6.18,34.31,54.7,14.99,7.68,4.1,2.01,545.59,3.17,12.66,27.83,17.0,17.57,5.81,3.19,2.16,2.55,1.22,4.18,0.21,2.62,0.86,0.71,0.42,0.66,0.27,31.78,19.25,18.58,11.32,3.3,12.24,23.22,21.87,11.91,18.72,10.22,11.95,12.06,41.63,43.82,1.28,775.23,214.92,403.53,362.31,183.91,32.44,775.19,38.93,19.3,23.58,16.16,20.14,434.61,2341.85,1306.39,32.49,22.75,11.07,22.27,16.52,515.38,52.22,13.37,8.12,10.53,5.55,12.68,6.52,0.57,17.85,21.03,15.75,22.31,17.36,15.1,3.56,34.31,0.19,65.07,21.65,15.05,25.28
